Warning message:
D-Bus service not found!

- If you are in a container environment, please consider adding the
  following to your configuration to silence this warning:

  options(bspm.sudo = TRUE)

- If you are in a desktop/server environment, please remove any 'bspm'
  installation from the user library and force a new system
  installation as follows:

  $ sudo Rscript --vanilla -e 'install.packages("bspm", repos="https://cran.r-project.org")' 
Failed to connect to bus: Operation not permitted
2012-13: complete
2013-14: complete
2014-15: complete
2016-17: complete
2017-18: complete
2018-19: complete
2019-20: complete
2022-23: complete
2023-24: complete
2024-25: complete
2025-26: complete
 horizon                   variant       population equal_season_nll
       1        cfg_i1_kz3_ku0_kd3          primary        0.2878741
       1        cfg_i1_kz7_ku0_kd3          primary        0.2879587
       1        cfg_i1_kz6_ku8_kd4          primary        0.3059692
       1        cfg_i1_kz8_ku7_kd6          primary        0.3062153
       1        cfg_i1_kz6_ku8_kd0          primary        0.3068471
       1        cfg_i1_kz8_ku7_kd0          primary        0.3069976
       1        cfg_i0_kz8_ku7_kd5          primary        0.3070456
       1      best_observed_subset          primary        0.3071409
       1        cfg_i0_kz3_ku8_kd4          primary        0.3078429
       1        cfg_i0_kz3_ku0_kd3          primary        0.3078633
       1        cfg_i1_kz3_ku8_kd4          primary        0.3078720
       1        cfg_i1_kz3_ku8_kd3          primary        0.3078739
       1        cfg_i0_kz4_ku0_kd3          primary        0.3078776
       1        cfg_i1_kz3_ku7_kd3          primary        0.3078793
       1        cfg_i0_kz3_ku7_kd3          primary        0.3078798
       1        cfg_i0_kz3_ku8_kd3          primary        0.3078829
       1        cfg_i0_kz3_ku8_kd5          primary        0.3078912
       1        cfg_i0_kz6_ku0_kd3          primary        0.3078913
       1        cfg_i1_kz6_ku0_kd3          primary        0.3078941
       1        cfg_i1_kz3_ku7_kd4          primary        0.3079018
       1        cfg_i0_kz3_ku6_kd3          primary        0.3079038
       1        cfg_i0_kz3_ku7_kd4          primary        0.3079084
       1        cfg_i1_kz3_ku8_kd5          primary        0.3079098
       1        cfg_i1_kz4_ku0_kd3          primary        0.3079100
       1        cfg_i0_kz3_ku4_kd3          primary        0.3079263
       1        cfg_i0_kz5_ku0_kd3          primary        0.3079280
       1        cfg_i1_kz3_ku6_kd3          primary        0.3079293
       1        cfg_i0_kz6_ku0_kd4          primary        0.3079321
       1        cfg_i1_kz3_ku3_kd3          primary        0.3079336
       1        cfg_i0_kz3_ku3_kd3          primary        0.3079337
       1        cfg_i1_kz5_ku0_kd3          primary        0.3079349
       1        cfg_i0_kz3_ku5_kd3          primary        0.3079353
       1        cfg_i0_kz6_ku0_kd5          primary        0.3079364
       1        cfg_i0_kz4_ku3_kd3          primary        0.3079372
       1        cfg_i1_kz5_ku0_kd4          primary        0.3079375
       1        cfg_i1_kz3_ku4_kd3          primary        0.3079389
       1        cfg_i1_kz3_ku5_kd3          primary        0.3079402
       1        cfg_i0_kz6_ku8_kd4          primary        0.3079412
       1        cfg_i1_kz6_ku0_kd5          primary        0.3079419
       1        cfg_i0_kz5_ku0_kd4          primary        0.3079434
       1        cfg_i0_kz4_ku7_kd3          primary        0.3079445
       1        cfg_i0_kz4_ku5_kd3          primary        0.3079446
       1        cfg_i0_kz4_ku8_kd3          primary        0.3079456
       1        cfg_i1_kz3_ku6_kd4          primary        0.3079458
       1        cfg_i1_kz6_ku3_kd3          primary        0.3079475
       1        cfg_i0_kz4_ku4_kd3          primary        0.3079480
       1        cfg_i0_kz5_ku0_kd5          primary        0.3079503
       1        cfg_i1_kz4_ku3_kd3          primary        0.3079503
       1        cfg_i0_kz6_ku3_kd3          primary        0.3079503
       1        cfg_i1_kz5_ku0_kd5          primary        0.3079504
       1        cfg_i0_kz3_ku8_kd8          primary        0.3079507
       1        cfg_i0_kz6_ku8_kd3          primary        0.3079512
       1        cfg_i1_kz6_ku8_kd3          primary        0.3079516
       1        cfg_i0_kz3_ku8_kd6          primary        0.3079525
       1        cfg_i0_kz4_ku6_kd3          primary        0.3079526
       1        cfg_i1_kz3_ku8_kd8          primary        0.3079545
       1        cfg_i0_kz7_ku0_kd3          primary        0.3079576
       1        cfg_i0_kz6_ku4_kd3          primary        0.3079591
       1        cfg_i1_kz3_ku8_kd6          primary        0.3079599
       1        cfg_i1_kz4_ku8_kd3          primary        0.3079616
       1        cfg_i1_kz6_ku4_kd3          primary        0.3079624
       1        cfg_i1_kz4_ku4_kd3          primary        0.3079640
       1        cfg_i0_kz6_ku3_kd4          primary        0.3079668
       1        cfg_i1_kz3_ku6_kd0          primary        0.3079678
       1        cfg_i1_kz6_ku7_kd4          primary        0.3079684
       1        cfg_i1_kz6_ku3_kd4          primary        0.3079691
       1        cfg_i1_kz3_ku4_kd0          primary        0.3079694
       1        cfg_i0_kz6_ku7_kd4          primary        0.3079705
       1        cfg_i0_kz6_ku6_kd4          primary        0.3079706
       1        cfg_i0_kz6_ku7_kd3          primary        0.3079719
       1        cfg_i1_kz6_ku6_kd4          primary        0.3079728
       1        cfg_i1_kz3_ku5_kd0          primary        0.3079731
       1        cfg_i1_kz4_ku5_kd3          primary        0.3079734
       1        cfg_i1_kz6_ku7_kd3          primary        0.3079745
       1        cfg_i1_kz3_ku3_kd0          primary        0.3079761
       1        cfg_i1_kz4_ku7_kd3          primary        0.3079763
       1        cfg_i1_kz7_ku0_kd4          primary        0.3079767
       1        cfg_i0_kz6_ku5_kd3          primary        0.3079774
       1        cfg_i0_kz6_ku6_kd3          primary        0.3079781
       1        cfg_i1_kz6_ku5_kd3          primary        0.3079796
       1        cfg_i1_kz6_ku6_kd3          primary        0.3079807
       1        cfg_i0_kz4_ku6_kd0          primary        0.3079819
       1        cfg_i0_kz7_ku0_kd4          primary        0.3079825
       1        cfg_i0_kz5_ku3_kd3          primary        0.3079862
       1        cfg_i1_kz8_ku0_kd3          primary        0.3079885
       1        cfg_i0_kz6_ku4_kd4          primary        0.3079906
       1        cfg_i1_kz5_ku3_kd3          primary        0.3079908
       1        cfg_i1_kz4_ku6_kd3          primary        0.3079935
       1        cfg_i0_kz6_ku5_kd4          primary        0.3079942
       1        cfg_i1_kz4_ku6_kd0          primary        0.3079949
       1        cfg_i1_kz5_ku3_kd4          primary        0.3079954
       1        cfg_i0_kz7_ku0_kd5          primary        0.3079961
       1        cfg_i0_kz5_ku4_kd3          primary        0.3079972
       1        cfg_i0_kz6_ku3_kd5          primary        0.3079977
       1        cfg_i1_kz6_ku5_kd4          primary        0.3079981
       1        cfg_i1_kz6_ku3_kd5          primary        0.3079987
       1        cfg_i1_kz6_ku4_kd4          primary        0.3079995
       1        cfg_i1_kz7_ku0_kd5          primary        0.3079997
       1        cfg_i0_kz3_ku6_kd0          primary        0.3080009
       1        cfg_i1_kz5_ku6_kd4          primary        0.3080014
       1        cfg_i1_kz5_ku8_kd4          primary        0.3080021
       1        cfg_i1_kz8_ku0_kd4          primary        0.3080031
       1        cfg_i1_kz6_ku6_kd0          primary        0.3080038
       1        cfg_i0_kz8_ku0_kd4          primary        0.3080046
       1        cfg_i0_kz4_ku3_kd4          primary        0.3080046
       1        cfg_i0_kz5_ku7_kd4          primary        0.3080050
       1        cfg_i1_kz5_ku4_kd3          primary        0.3080051
       1        cfg_i0_kz4_ku5_kd4          primary        0.3080057
       1        cfg_i0_kz7_ku8_kd4          primary        0.3080063
       1        cfg_i0_kz6_ku5_kd5          primary        0.3080068
       1        cfg_i1_kz4_ku3_kd4          primary        0.3080069
       1        cfg_i0_kz6_ku6_kd0          primary        0.3080072
       1        cfg_i0_kz6_ku4_kd5          primary        0.3080073
       1        cfg_i1_kz3_ku7_kd0          primary        0.3080077
       1        cfg_i0_kz5_ku3_kd4          primary        0.3080078
       1        cfg_i0_kz5_ku8_kd4          primary        0.3080081
       1        cfg_i1_kz4_ku5_kd0          primary        0.3080083
       1        cfg_i0_kz5_ku6_kd4          primary        0.3080096
       1        cfg_i1_kz6_ku4_kd5          primary        0.3080098
       1        cfg_i1_kz5_ku7_kd4          primary        0.3080103
       1        cfg_i1_kz6_ku5_kd5          primary        0.3080110
       1        cfg_i1_kz4_ku5_kd4          primary        0.3080112
       1        cfg_i0_kz4_ku4_kd4          primary        0.3080127
       1        cfg_i1_kz7_ku8_kd4          primary        0.3080127
       1        cfg_i1_kz4_ku4_kd4          primary        0.3080135
       1        cfg_i0_kz8_ku0_kd5          primary        0.3080136
       1        cfg_i0_kz5_ku5_kd3          primary        0.3080138
       1        cfg_i0_kz3_ku5_kd0          primary        0.3080148
       1        cfg_i0_kz4_ku7_kd0          primary        0.3080149
       1        cfg_i0_kz4_ku6_kd4          primary        0.3080158
       1        cfg_i1_kz3_ku7_kd5          primary        0.3080160
       1        cfg_i1_kz4_ku6_kd4          primary        0.3080161
       1        cfg_i0_kz7_ku3_kd3          primary        0.3080166
       1        cfg_i1_kz5_ku8_kd3          primary        0.3080173
       1        cfg_i1_kz4_ku7_kd0          primary        0.3080174
       1        cfg_i1_kz3_ku8_kd7          primary        0.3080179
       1        cfg_i1_kz5_ku5_kd3          primary        0.3080183
       1        cfg_i1_kz5_ku5_kd4          primary        0.3080195
       1        cfg_i1_kz5_ku4_kd4          primary        0.3080197
       1        cfg_i0_kz5_ku8_kd3          primary        0.3080201
       1        cfg_i0_kz3_ku8_kd7          primary        0.3080203
       1        cfg_i0_kz4_ku5_kd0          primary        0.3080204
       1        cfg_i1_kz4_ku8_kd0          primary        0.3080209
       1        cfg_i0_kz4_ku8_kd0          primary        0.3080211
       1        cfg_i0_kz6_ku6_kd5          primary        0.3080218
       1        cfg_i1_kz8_ku0_kd5          primary        0.3080219
       1        cfg_i0_kz6_ku8_kd0          primary        0.3080237
       1        cfg_i0_kz6_ku8_kd5          primary        0.3080237
       1        cfg_i1_kz3_ku8_kd0          primary        0.3080239
       1        cfg_i1_kz6_ku6_kd5          primary        0.3080246
       1        cfg_i0_kz3_ku3_kd0          primary        0.3080259
       1        cfg_i1_kz6_ku8_kd5          primary        0.3080264
       1        cfg_i0_kz3_ku7_kd5          primary        0.3080264
       1        cfg_i1_kz7_ku3_kd3          primary        0.3080275
       1        cfg_i0_kz8_ku8_kd4          primary        0.3080279
       1        cfg_i1_kz6_ku7_kd0          primary        0.3080282
       1        cfg_i1_kz4_ku4_kd0          primary        0.3080291
       1        cfg_i1_kz5_ku3_kd5          primary        0.3080291
       1        cfg_i0_kz5_ku7_kd3          primary        0.3080300
       1        cfg_i0_kz5_ku5_kd4          primary        0.3080301
       1        cfg_i1_kz6_ku4_kd0          primary        0.3080313
       1        cfg_i1_kz5_ku6_kd3          primary        0.3080318
       1        cfg_i1_kz5_ku7_kd3          primary        0.3080319
       1        cfg_i1_kz3_ku0_kd4          primary        0.3080323
       1        cfg_i0_kz4_ku0_kd4          primary        0.3080330
       1        cfg_i1_kz6_ku5_kd0          primary        0.3080331
       1        cfg_i0_kz7_ku4_kd3          primary        0.3080347
       1        cfg_i0_kz4_ku4_kd0          primary        0.3080360
       1        cfg_i0_kz6_ku7_kd0          primary        0.3080369
       1        cfg_i0_kz5_ku4_kd4          primary        0.3080373
       1        cfg_i0_kz5_ku6_kd3          primary        0.3080374
       1        cfg_i1_kz4_ku3_kd0          primary        0.3080385
       1        cfg_i0_kz7_ku7_kd4          primary        0.3080387
       1        cfg_i0_kz3_ku6_kd4          primary        0.3080388
       1        cfg_i0_kz6_ku5_kd0          primary        0.3080389
       1        cfg_i1_kz5_ku0_kd6          primary        0.3080389
       1        cfg_i0_kz7_ku8_kd3          primary        0.3080394
       1        cfg_i1_kz7_ku7_kd4          primary        0.3080419
       1        cfg_i1_kz7_ku8_kd3          primary        0.3080423
       1        cfg_i1_kz7_ku4_kd3          primary        0.3080424
       1        cfg_i0_kz4_ku8_kd4          primary        0.3080425
       1        cfg_i1_kz8_ku8_kd4          primary        0.3080429
       1        cfg_i0_kz5_ku3_kd5          primary        0.3080431
       1        cfg_i1_kz5_ku4_kd5          primary        0.3080435
       1        cfg_i0_kz3_ku7_kd0          primary        0.3080446
       1        cfg_i0_kz5_ku0_kd6          primary        0.3080454
       1        cfg_i1_kz5_ku0_kd7          primary        0.3080456
       1        cfg_i1_kz7_ku8_kd5          primary        0.3080459
       1        cfg_i0_kz4_ku3_kd0          primary        0.3080468
       1        cfg_i1_kz5_ku5_kd5          primary        0.3080469
       1        cfg_i0_kz5_ku0_kd7          primary        0.3080477
       1        cfg_i0_kz7_ku5_kd3          primary        0.3080488
       1        cfg_i1_kz6_ku0_kd6          primary        0.3080503
       1        cfg_i0_kz7_ku8_kd5          primary        0.3080507
       1        cfg_i0_kz4_ku5_kd5          primary        0.3080523
       1        cfg_i1_kz7_ku3_kd4          primary        0.3080525
       1        cfg_i0_kz4_ku4_kd5          primary        0.3080539
       1        cfg_i1_kz5_ku6_kd0          primary        0.3080546
       1        cfg_i0_kz7_ku3_kd4          primary        0.3080553
       1        cfg_i0_kz8_ku7_kd4          primary        0.3080554
       1        cfg_i1_kz7_ku5_kd3          primary        0.3080557
       1        cfg_i1_kz4_ku0_kd4          primary        0.3080557
       1        cfg_i0_kz5_ku5_kd5          primary        0.3080559
       1        cfg_i0_kz6_ku0_kd6          primary        0.3080560
       1        cfg_i0_kz3_ku8_kd0          primary        0.3080572
       1        cfg_i0_kz5_ku6_kd0          primary        0.3080572
       1        cfg_i1_kz6_ku0_kd7          primary        0.3080578
       1        cfg_i1_kz7_ku6_kd4          primary        0.3080579
       1        cfg_i0_kz5_ku4_kd5          primary        0.3080585
       1        cfg_i0_kz6_ku0_kd7          primary        0.3080591
       1        cfg_i1_kz4_ku8_kd4          primary        0.3080591
       1        cfg_i0_kz7_ku6_kd4          primary        0.3080595
       1        cfg_i0_kz7_ku7_kd3          primary        0.3080613
       1        cfg_i0_kz5_ku6_kd5          primary        0.3080614
       1        cfg_i0_kz4_ku7_kd4          primary        0.3080625
       1        cfg_i1_kz5_ku6_kd5          primary        0.3080642
       1        cfg_i1_kz7_ku7_kd3          primary        0.3080644
       1        cfg_i1_kz4_ku5_kd5          primary        0.3080645
       1        cfg_i0_kz3_ku4_kd0          primary        0.3080656
       1        cfg_i1_kz4_ku4_kd5          primary        0.3080665
       1        cfg_i0_kz4_ku0_kd5          primary        0.3080667
       1        cfg_i1_kz8_ku7_kd4          primary        0.3080668
       1        cfg_i0_kz7_ku6_kd3          primary        0.3080678
       1        cfg_i1_kz6_ku3_kd0          primary        0.3080681
       1        cfg_i1_kz3_ku0_kd5          primary        0.3080694
       1        cfg_i1_kz7_ku8_kd6          primary        0.3080720
       1        cfg_i1_kz5_ku5_kd0          primary        0.3080729
       1        cfg_i1_kz5_ku0_kd8          primary        0.3080731
       1        cfg_i0_kz6_ku4_kd0          primary        0.3080732
       1        cfg_i1_kz7_ku6_kd3          primary        0.3080734
       1        cfg_i0_kz7_ku4_kd4          primary        0.3080734
       1        cfg_i1_kz5_ku4_kd0          primary        0.3080735
       1        cfg_i0_kz4_ku3_kd5          primary        0.3080739
       1        cfg_i1_kz7_ku4_kd4          primary        0.3080741
       1        cfg_i1_kz8_ku3_kd4          primary        0.3080743
       1        cfg_i0_kz6_ku6_kd6          primary        0.3080744
       1        cfg_i0_kz8_ku3_kd3          primary        0.3080745
       1        cfg_i0_kz5_ku0_kd8          primary        0.3080755
       1        cfg_i1_kz3_ku5_kd4          primary        0.3080757
       1        cfg_i0_kz8_ku4_kd3          primary        0.3080758
       1        cfg_i1_kz5_ku7_kd0          primary        0.3080758
       1        cfg_i0_kz7_ku5_kd4          primary        0.3080759
       1        cfg_i1_kz5_ku3_kd0          primary        0.3080765
       1        cfg_i1_kz8_ku3_kd3          primary        0.3080766
       1        cfg_i1_kz7_ku5_kd4          primary        0.3080773
       1        cfg_i0_kz8_ku3_kd4          primary        0.3080774
       1        cfg_i0_kz5_ku8_kd0          primary        0.3080781
       1        cfg_i0_kz5_ku5_kd0          primary        0.3080786
       1        cfg_i1_kz8_ku4_kd3          primary        0.3080787
       1        cfg_i1_kz4_ku7_kd4          primary        0.3080795
       1        cfg_i1_kz3_ku7_kd6          primary        0.3080801
       1        cfg_i0_kz3_ku0_kd4          primary        0.3080804
       1        cfg_i0_kz5_ku7_kd0          primary        0.3080814
       1        cfg_i1_kz3_ku3_kd4          primary        0.3080816
       1        cfg_i0_kz8_ku8_kd5          primary        0.3080816
       1        cfg_i1_kz6_ku6_kd6          primary        0.3080818
       1        cfg_i0_kz6_ku6_kd7          primary        0.3080820
       1        cfg_i1_kz5_ku8_kd0          primary        0.3080822
       1        cfg_i1_kz6_ku0_kd8          primary        0.3080826
       1        cfg_i0_kz0_ku7_kd4          primary        0.3080830
       1        cfg_i0_kz7_ku8_kd6          primary        0.3080833
       1        cfg_i1_kz8_ku8_kd5          primary        0.3080837
       1        cfg_i1_kz7_ku3_kd5          primary        0.3080842
       1        cfg_i0_kz6_ku0_kd8          primary        0.3080845
       1        cfg_i1_kz4_ku3_kd5          primary        0.3080846
       1        cfg_i1_kz5_ku8_kd5          primary        0.3080846
       1        cfg_i1_kz0_ku8_kd3          primary        0.3080850
       1        cfg_i0_kz7_ku3_kd5          primary        0.3080860
       1        cfg_i0_kz0_ku8_kd4          primary        0.3080869
       1        cfg_i1_kz7_ku0_kd6          primary        0.3080871
       1        cfg_i1_kz7_ku6_kd5          primary        0.3080873
       1        cfg_i1_kz8_ku6_kd4          primary        0.3080874
       1        cfg_i0_kz6_ku3_kd7          primary        0.3080877
       1        cfg_i0_kz6_ku3_kd0          primary        0.3080879
       1        cfg_i0_kz7_ku6_kd5          primary        0.3080894
       1        cfg_i1_kz6_ku6_kd7          primary        0.3080896
       1        cfg_i1_kz0_ku7_kd3          primary        0.3080899
       1        cfg_i0_kz6_ku5_kd6          primary        0.3080900
       1        cfg_i0_kz6_ku3_kd6          primary        0.3080905
       1        cfg_i0_kz6_ku5_kd7          primary        0.3080907
       1        cfg_i0_kz6_ku4_kd7          primary        0.3080910
       1        cfg_i1_kz6_ku5_kd6          primary        0.3080916
       1        cfg_i1_kz7_ku0_kd7          primary        0.3080919
       1        cfg_i1_kz6_ku3_kd7          primary        0.3080921
       1        cfg_i0_kz7_ku0_kd7          primary        0.3080928
       1        cfg_i0_kz7_ku5_kd5          primary        0.3080928
       1        cfg_i0_kz8_ku6_kd3          primary        0.3080930
       1        cfg_i0_kz8_ku4_kd4          primary        0.3080930
       1        cfg_i1_kz6_ku3_kd6          primary        0.3080933
       1        cfg_i0_kz6_ku7_kd5          primary        0.3080933
       1        cfg_i0_kz6_ku8_kd6          primary        0.3080938
       1        cfg_i1_kz4_ku0_kd5          primary        0.3080940
       1        cfg_i0_kz8_ku5_kd3          primary        0.3080943
       1        cfg_i0_kz7_ku0_kd6          primary        0.3080945
       1        cfg_i1_kz6_ku4_kd6          primary        0.3080946
       1        cfg_i0_kz6_ku4_kd6          primary        0.3080946
       1        cfg_i0_kz3_ku7_kd6          primary        0.3080948
       1        cfg_i0_kz5_ku8_kd5          primary        0.3080952
       1        cfg_i0_kz7_ku4_kd5          primary        0.3080953
       1        cfg_i1_kz7_ku5_kd5          primary        0.3080959
       1        cfg_i1_kz3_ku7_kd8          primary        0.3080962
       1        cfg_i1_kz6_ku4_kd7          primary        0.3080963
       1        cfg_i1_kz6_ku5_kd7          primary        0.3080963
       1        cfg_i1_kz8_ku5_kd3          primary        0.3080964
       1        cfg_i0_kz8_ku7_kd3          primary        0.3080964
       1        cfg_i1_kz8_ku6_kd3          primary        0.3080966
       1        cfg_i1_kz6_ku7_kd5          primary        0.3080967
       1        cfg_i0_kz0_ku8_kd5          primary        0.3080968
       1        cfg_i1_kz8_ku7_kd3          primary        0.3080979
       1        cfg_i0_kz8_ku6_kd4          primary        0.3080980
       1        cfg_i1_kz7_ku4_kd5          primary        0.3080983
       1        cfg_i0_kz8_ku5_kd4          primary        0.3080988
       1        cfg_i1_kz8_ku4_kd4          primary        0.3080988
       1        cfg_i0_kz0_ku7_kd3          primary        0.3080993
       1        cfg_i1_kz0_ku7_kd4          primary        0.3080995
       1        cfg_i1_kz8_ku5_kd4          primary        0.3080996
       1        cfg_i0_kz0_ku8_kd3          primary        0.3081004
       1        cfg_i0_kz7_ku6_kd0          primary        0.3081005
       1        cfg_i0_kz5_ku4_kd0          primary        0.3081017
       1        cfg_i1_kz0_ku8_kd5          primary        0.3081029
       1        cfg_i1_kz7_ku6_kd0          primary        0.3081035
       1        cfg_i1_kz7_ku7_kd5          primary        0.3081038
       1        cfg_i1_kz0_ku8_kd4          primary        0.3081047
       1        cfg_i0_kz3_ku7_kd8          primary        0.3081051
       1             selected_grid          primary        0.3081053
       1        cfg_i1_kz5_ku6_kd6          primary        0.3081070
       1        cfg_i0_kz6_ku6_kd8          primary        0.3081078
       1        cfg_i1_kz8_ku3_kd5          primary        0.3081093
       1        cfg_i0_kz7_ku7_kd5          primary        0.3081095
       1        cfg_i0_kz8_ku3_kd5          primary        0.3081100
       1        cfg_i1_kz7_ku0_kd8          primary        0.3081112
       1        cfg_i0_kz0_ku6_kd4          primary        0.3081117
       1        cfg_i0_kz5_ku6_kd6          primary        0.3081126
       1        cfg_i0_kz3_ku0_kd5          primary        0.3081129
       1        cfg_i0_kz6_ku3_kd8          primary        0.3081146
       1        cfg_i1_kz6_ku6_kd8          primary        0.3081148
       1        cfg_i1_kz5_ku6_kd7          primary        0.3081148
       1        cfg_i0_kz8_ku6_kd5          primary        0.3081152
       1        cfg_i1_kz5_ku3_kd6          primary        0.3081156
       1        cfg_i1_kz0_ku6_kd4          primary        0.3081157
       1        cfg_i0_kz7_ku0_kd8          primary        0.3081157
       1        cfg_i1_kz8_ku6_kd5          primary        0.3081159
       1        cfg_i1_kz7_ku8_kd0          primary        0.3081160
       1        cfg_i0_kz5_ku6_kd7          primary        0.3081169
       1        cfg_i0_kz0_ku4_kd4          primary        0.3081174
       1        cfg_i0_kz6_ku5_kd8          primary        0.3081179
       1        cfg_i0_kz6_ku4_kd8          primary        0.3081180
       1        cfg_i0_kz0_ku6_kd3          primary        0.3081181
       1        cfg_i1_kz6_ku3_kd8          primary        0.3081183
       1        cfg_i1_kz3_ku4_kd4          primary        0.3081184
       1        cfg_i0_kz8_ku5_kd5          primary        0.3081190
       1        cfg_i1_kz6_ku8_kd6          primary        0.3081194
       1        cfg_i1_kz0_ku6_kd3          primary        0.3081198
       1        cfg_i1_kz7_ku3_kd0          primary        0.3081199
       1        cfg_i1_kz8_ku5_kd5          primary        0.3081202
       1        cfg_i1_kz5_ku5_kd6          primary        0.3081205
       1        cfg_i0_kz8_ku0_kd3          primary        0.3081208
       1        cfg_i0_kz8_ku4_kd5          primary        0.3081211
       1        cfg_i0_kz7_ku5_kd0          primary        0.3081215
       1        cfg_i0_kz7_ku4_kd0          primary        0.3081217
       1        cfg_i1_kz8_ku4_kd5          primary        0.3081220
       1        cfg_i1_kz6_ku5_kd8          primary        0.3081222
       1        cfg_i1_kz7_ku4_kd0          primary        0.3081223
       1        cfg_i0_kz8_ku6_kd0          primary        0.3081227
       1        cfg_i1_kz6_ku4_kd8          primary        0.3081227
       1        cfg_i0_kz0_ku5_kd4          primary        0.3081229
       1        cfg_i1_kz5_ku4_kd6          primary        0.3081234
       1        cfg_i1_kz5_ku3_kd7          primary        0.3081235
       1        cfg_i1_kz7_ku5_kd0          primary        0.3081236
       1        cfg_i0_kz0_ku4_kd3          primary        0.3081236
       1        cfg_i0_kz7_ku8_kd0          primary        0.3081250
       1        cfg_i0_kz6_ku8_kd7          primary        0.3081259
       1        cfg_i1_kz8_ku0_kd6          primary        0.3081271
       1        cfg_i1_kz7_ku8_kd8          primary        0.3081273
       1        cfg_i1_kz8_ku6_kd0          primary        0.3081278
       1        cfg_i0_kz7_ku7_kd0          primary        0.3081286
       1        cfg_i0_kz8_ku8_kd6          primary        0.3081287
       1        cfg_i1_kz7_ku6_kd6          primary        0.3081288
       1        cfg_i1_kz8_ku8_kd6          primary        0.3081291
       1        cfg_i1_kz8_ku3_kd0          primary        0.3081292
       1        cfg_i1_kz5_ku5_kd7          primary        0.3081294
       1        cfg_i1_kz6_ku8_kd7          primary        0.3081296
       1        cfg_i1_kz7_ku7_kd0          primary        0.3081299
       1        cfg_i1_kz7_ku7_kd6          primary        0.3081309
       1        cfg_i0_kz7_ku6_kd6          primary        0.3081312
       1        cfg_i1_kz5_ku4_kd7          primary        0.3081313
       1        cfg_i1_kz8_ku0_kd7          primary        0.3081323
       1        cfg_i0_kz8_ku0_kd6          primary        0.3081328
       1        cfg_i0_kz8_ku0_kd7          primary        0.3081330
       1        cfg_i0_kz5_ku5_kd7          primary        0.3081338
       1        cfg_i0_kz5_ku3_kd7          primary        0.3081351
       1        cfg_i1_kz0_ku4_kd3          primary        0.3081352
       1        cfg_i1_kz8_ku8_kd0          primary        0.3081359
       1        cfg_i0_kz5_ku6_kd8          primary        0.3081364
       1        cfg_i0_kz7_ku8_kd8          primary        0.3081365
       1        cfg_i0_kz0_ku4_kd5          primary        0.3081368
       1        cfg_i0_kz8_ku8_kd0          primary        0.3081368
       1        cfg_i0_kz7_ku6_kd7          primary        0.3081369
       1        cfg_i0_kz5_ku3_kd6          primary        0.3081371
       1        cfg_i0_kz8_ku5_kd0          primary        0.3081378
       1        cfg_i0_kz8_ku4_kd0          primary        0.3081381
       1        cfg_i1_kz3_ku6_kd5          primary        0.3081381
       1        cfg_i0_kz0_ku5_kd3          primary        0.3081382
       1        cfg_i1_kz8_ku4_kd0          primary        0.3081384
       1        cfg_i0_kz5_ku5_kd6          primary        0.3081384
       1        cfg_i0_kz0_ku3_kd3          primary        0.3081393
       1        cfg_i1_kz7_ku8_kd7          primary        0.3081400
       1        cfg_i1_kz8_ku5_kd0          primary        0.3081405
       1        cfg_i1_kz0_ku5_kd4          primary        0.3081411
       1        cfg_i0_kz5_ku3_kd0          primary        0.3081412
       1        cfg_i0_kz7_ku8_kd7          primary        0.3081412
       1        cfg_i1_kz7_ku6_kd7          primary        0.3081412
       1        cfg_i0_kz7_ku7_kd6          primary        0.3081424
       1        cfg_i0_kz5_ku4_kd7          primary        0.3081429
       1        cfg_i1_kz5_ku6_kd8          primary        0.3081435
       1        cfg_i1_kz5_ku7_kd5          primary        0.3081442
       1        cfg_i1_kz0_ku5_kd3          primary        0.3081445
       1        cfg_i0_kz5_ku4_kd6          primary        0.3081457
       1        cfg_i0_kz8_ku8_kd3          primary        0.3081469
       1        cfg_i0_kz8_ku7_kd0          primary        0.3081471
       1        cfg_i1_kz5_ku3_kd8          primary        0.3081476
       1        cfg_i1_kz8_ku8_kd3          primary        0.3081478
       1        cfg_i0_kz0_ku7_kd5          primary        0.3081493
       1        cfg_i1_kz8_ku7_kd5          primary        0.3081504
       1        cfg_i0_kz0_ku3_kd4          primary        0.3081506
       1        cfg_i0_kz7_ku3_kd0          primary        0.3081509
       1        cfg_i0_kz5_ku7_kd5          primary        0.3081517
       1        cfg_i0_kz0_ku8_kd6          primary        0.3081535
       1        cfg_i0_kz7_ku3_kd7          primary        0.3081536
       1        cfg_i1_kz5_ku8_kd6          primary        0.3081540
       1        cfg_i1_kz5_ku5_kd8          primary        0.3081542
       1        cfg_i0_kz8_ku3_kd0          primary        0.3081547
       1        cfg_i1_kz5_ku4_kd8          primary        0.3081555
       1        cfg_i1_kz0_ku4_kd4          primary        0.3081555
       1        cfg_i0_kz7_ku6_kd8          primary        0.3081556
       1        cfg_i0_kz0_ku5_kd5          primary        0.3081556
       1        cfg_i1_kz0_ku7_kd5          primary        0.3081568
       1        cfg_i1_kz7_ku6_kd8          primary        0.3081571
       1        cfg_i0_kz5_ku3_kd8          primary        0.3081571
       1        cfg_i1_kz0_ku3_kd3          primary        0.3081583
       1        cfg_i1_kz0_ku8_kd6          primary        0.3081595
       1        cfg_i1_kz8_ku0_kd8          primary        0.3081597
       1        cfg_i1_kz6_ku7_kd6          primary        0.3081600
       1        cfg_i0_kz7_ku5_kd7          primary        0.3081604
       1        cfg_i0_kz8_ku0_kd8          primary        0.3081605
       1        cfg_i1_kz0_ku4_kd5          primary        0.3081606
       1        cfg_i0_kz7_ku4_kd7          primary        0.3081607
       1        cfg_i0_kz5_ku8_kd6          primary        0.3081609
       1        cfg_i0_kz5_ku5_kd8          primary        0.3081613
       1        cfg_i0_kz7_ku5_kd6          primary        0.3081615
       1        cfg_i0_kz4_ku6_kd5          primary        0.3081622
       1        cfg_i0_kz7_ku3_kd6          primary        0.3081640
       1        cfg_i1_kz8_ku6_kd6          primary        0.3081645
       1        cfg_i0_kz5_ku4_kd8          primary        0.3081646
       1        cfg_i0_kz7_ku4_kd6          primary        0.3081659
       1        cfg_i1_kz3_ku0_kd0          primary        0.3081666
       1        cfg_i1_kz7_ku3_kd6          primary        0.3081681
       1        cfg_i1_kz7_ku5_kd6          primary        0.3081703
       1        cfg_i1_kz7_ku3_kd7          primary        0.3081718
       1        cfg_i0_kz3_ku0_kd0          primary        0.3081734
       1        cfg_i0_kz0_ku3_kd5          primary        0.3081738
       1        cfg_i0_kz8_ku6_kd6          primary        0.3081741
       1        cfg_i0_kz0_ku8_kd8          primary        0.3081748
       1        cfg_i1_kz8_ku8_kd8          primary        0.3081749
       1        cfg_i1_kz7_ku4_kd6          primary        0.3081755
       1        cfg_i1_kz3_ku7_kd7          primary        0.3081758
       1        cfg_i1_kz7_ku5_kd7          primary        0.3081759
       1        cfg_i1_kz0_ku5_kd5          primary        0.3081777
       1        cfg_i0_kz8_ku6_kd7          primary        0.3081777
       1        cfg_i1_kz8_ku6_kd7          primary        0.3081780
       1        cfg_i1_kz0_ku3_kd5          primary        0.3081786
       1        cfg_i1_kz7_ku4_kd7          primary        0.3081798
       1        cfg_i0_kz6_ku7_kd6          primary        0.3081810
       1        cfg_i1_kz0_ku8_kd8          primary        0.3081818
       1        cfg_i0_kz8_ku8_kd8          primary        0.3081821
       1        cfg_i0_kz7_ku3_kd8          primary        0.3081863
       1        cfg_i0_kz8_ku8_kd7          primary        0.3081867
       1        cfg_i0_kz7_ku5_kd8          primary        0.3081880
       1        cfg_i0_kz5_ku7_kd6          primary        0.3081885
       1        cfg_i0_kz4_ku5_kd6          primary        0.3081896
       1        cfg_i0_kz3_ku7_kd7          primary        0.3081909
       1        cfg_i1_kz8_ku8_kd7          primary        0.3081911
       1        cfg_i0_kz7_ku4_kd8          primary        0.3081926
       1        cfg_i1_kz0_ku3_kd4          primary        0.3081927
       1        cfg_i0_kz4_ku4_kd6          primary        0.3081934
       1        cfg_i0_kz6_ku8_kd8          primary        0.3081957
       1        cfg_i1_kz5_ku7_kd6          primary        0.3081960
       1        cfg_i0_kz8_ku3_kd7          primary        0.3081966
       1        cfg_i1_kz8_ku3_kd7          primary        0.3081970
       1        cfg_i1_kz6_ku8_kd8          primary        0.3081981
       1        cfg_i0_kz8_ku6_kd8          primary        0.3081998
       1        cfg_i1_kz8_ku6_kd8          primary        0.3081999
       1        cfg_i1_kz0_ku6_kd5          primary        0.3081999
       1        cfg_i0_kz3_ku6_kd5          primary        0.3082001
       1        cfg_i0_kz4_ku4_kd7          primary        0.3082003
       1        cfg_i0_kz8_ku7_kd6          primary        0.3082013
       1        cfg_i1_kz8_ku5_kd6          primary        0.3082023
       1        cfg_i0_kz8_ku5_kd6          primary        0.3082030
       1        cfg_i0_kz8_ku5_kd7          primary        0.3082035
       1        cfg_i0_kz4_ku5_kd7          primary        0.3082037
       1        cfg_i1_kz8_ku3_kd6          primary        0.3082052
       1        cfg_i1_kz8_ku5_kd7          primary        0.3082053
       1        cfg_i1_kz7_ku7_kd7          primary        0.3082057
       1        cfg_i0_kz8_ku4_kd7          primary        0.3082068
       1        cfg_i0_kz8_ku3_kd6          primary        0.3082069
       1        cfg_i1_kz8_ku4_kd6          primary        0.3082072
       1        cfg_i0_kz0_ku7_kd6          primary        0.3082075
       1        cfg_i1_kz8_ku4_kd7          primary        0.3082082
       1        cfg_i0_kz0_ku6_kd5          primary        0.3082087
       1        cfg_i0_kz7_ku7_kd7          primary        0.3082087
       1        cfg_i0_kz8_ku4_kd6          primary        0.3082091
       1        cfg_i0_kz7_ku7_kd8          primary        0.3082094
       1        cfg_i1_kz7_ku7_kd8          primary        0.3082109
       1        cfg_i1_kz0_ku7_kd6          primary        0.3082122
       1        cfg_i1_kz7_ku3_kd8          primary        0.3082137
       1        cfg_i0_kz4_ku3_kd7          primary        0.3082139
       1        cfg_i0_kz4_ku0_kd0          primary        0.3082175
       1        cfg_i1_kz7_ku5_kd8          primary        0.3082188
       1        cfg_i0_kz0_ku5_kd0          primary        0.3082214
       1        cfg_i1_kz7_ku4_kd8          primary        0.3082228
       1        cfg_i0_kz8_ku3_kd8          primary        0.3082250
       1        cfg_i1_kz8_ku3_kd8          primary        0.3082251
       1        cfg_i0_kz4_ku3_kd6          primary        0.3082283
       1        cfg_i1_kz8_ku5_kd8          primary        0.3082295
       1        cfg_i0_kz8_ku5_kd8          primary        0.3082319
       1        cfg_i0_kz6_ku7_kd8          primary        0.3082339
       1        cfg_i1_kz8_ku4_kd8          primary        0.3082345
       1        cfg_i0_kz8_ku4_kd8          primary        0.3082347
       1        cfg_i0_kz0_ku7_kd8          primary        0.3082393
       1        cfg_i0_kz4_ku5_kd8          primary        0.3082401
       1        cfg_i0_kz5_ku8_kd8          primary        0.3082401
       1        cfg_i1_kz0_ku6_kd0          primary        0.3082419
       1        cfg_i1_kz4_ku0_kd0          primary        0.3082428
       1        cfg_i0_kz5_ku8_kd7          primary        0.3082434
       1        cfg_i1_kz5_ku8_kd8          primary        0.3082443
       1        cfg_i0_kz4_ku4_kd8          primary        0.3082445
       1        cfg_i1_kz0_ku5_kd0          primary        0.3082449
       1        cfg_i1_kz5_ku8_kd7          primary        0.3082453
       1        cfg_i0_kz0_ku4_kd0          primary        0.3082453
       1        cfg_i0_kz0_ku7_kd0          primary        0.3082460
       1        cfg_i1_kz0_ku7_kd8          primary        0.3082462
       1        cfg_i0_kz6_ku0_kd0          primary        0.3082470
       1        cfg_i0_kz4_ku6_kd6          primary        0.3082504
       1        cfg_i0_kz4_ku3_kd8          primary        0.3082526
       1        cfg_i1_kz6_ku7_kd7          primary        0.3082536
       1        cfg_i0_kz5_ku7_kd7          primary        0.3082551
       1        cfg_i0_kz0_ku8_kd0          primary        0.3082555
       1        cfg_i0_kz4_ku6_kd7          primary        0.3082569
       1        cfg_i1_kz0_ku6_kd6          primary        0.3082572
       1        cfg_i1_kz6_ku7_kd8          primary        0.3082598
       1        cfg_i0_kz0_ku5_kd8          primary        0.3082599
       1        cfg_i1_kz0_ku7_kd0          primary        0.3082631
       1        cfg_i1_kz0_ku6_kd8          primary        0.3082648
       1        cfg_i1_kz3_ku5_kd5          primary        0.3082651
       1        cfg_i1_kz5_ku7_kd7          primary        0.3082673
       1        cfg_i1_kz0_ku5_kd8          primary        0.3082675
       1        cfg_i0_kz8_ku7_kd8          primary        0.3082692
       1        cfg_i1_kz0_ku4_kd0          primary        0.3082701
       1        cfg_i1_kz0_ku6_kd7          primary        0.3082704
       1        cfg_i0_kz0_ku5_kd7          primary        0.3082710
       1        cfg_i0_kz6_ku7_kd7          primary        0.3082713
       1        cfg_i1_kz6_ku0_kd0          primary        0.3082713
       1        cfg_i0_kz8_ku7_kd7          primary        0.3082717
       1        cfg_i1_kz0_ku8_kd0          primary        0.3082722
       1        cfg_i1_kz8_ku7_kd8          primary        0.3082723
       1        cfg_i1_kz8_ku7_kd7          primary        0.3082736
       1        cfg_i0_kz0_ku8_kd7          primary        0.3082744
       1        cfg_i1_kz3_ku6_kd8          primary        0.3082749
       1        cfg_i0_kz0_ku6_kd8          primary        0.3082780
       1        cfg_i0_kz4_ku8_kd5          primary        0.3082787
       1        cfg_i0_kz0_ku4_kd8          primary        0.3082791
       1        cfg_i1_kz0_ku5_kd7          primary        0.3082799
       1        cfg_i1_kz3_ku0_kd8          primary        0.3082802
       1        cfg_i1_kz0_ku8_kd7          primary        0.3082812
       1        cfg_i1_kz0_ku0_kd3          primary        0.3082830
       1        cfg_i0_kz3_ku5_kd4          primary        0.3082831
       1        cfg_i0_kz0_ku6_kd7          primary        0.3082846
       1        cfg_i1_kz0_ku4_kd8          primary        0.3082853
       1        cfg_i1_kz5_ku7_kd8          primary        0.3082854
       1        cfg_i1_kz0_ku5_kd6          primary        0.3082860
       1        cfg_i0_kz0_ku0_kd3          primary        0.3082889
       1        cfg_i0_kz0_ku3_kd0          primary        0.3082896
       1        cfg_i1_kz3_ku6_kd7          primary        0.3082902
       1        cfg_i1_kz3_ku6_kd6          primary        0.3082903
       1        cfg_i1_kz5_ku0_kd0          primary        0.3082916
       1        cfg_i0_kz0_ku6_kd6          primary        0.3082921
       1        cfg_i0_kz5_ku7_kd8          primary        0.3082923
       1        cfg_i0_kz3_ku6_kd8          primary        0.3082940
       1        cfg_i1_kz0_ku3_kd0          primary        0.3082949
       1        cfg_i0_kz5_ku0_kd0          primary        0.3082976
       1        cfg_i1_kz4_ku5_kd6          primary        0.3082981
       1        cfg_i0_kz3_ku6_kd7          primary        0.3082985
       1        cfg_i1_kz4_ku4_kd6          primary        0.3083048
       1        cfg_i0_kz4_ku6_kd8          primary        0.3083061
       1        cfg_i0_kz3_ku0_kd8          primary        0.3083084
       1        cfg_i0_kz4_ku0_kd6          primary        0.3083090
       1        cfg_i0_kz4_ku0_kd7          primary        0.3083097
       1        cfg_i1_kz4_ku5_kd7          primary        0.3083111
       1        cfg_i0_kz3_ku6_kd6          primary        0.3083117
       1        cfg_i0_kz0_ku4_kd7          primary        0.3083132
       1        cfg_i1_kz3_ku0_kd7          primary        0.3083136
       1        cfg_i0_kz0_ku5_kd6          primary        0.3083137
       1        cfg_i0_kz0_ku3_kd8          primary        0.3083138
       1        cfg_i1_kz0_ku3_kd8          primary        0.3083160
       1        cfg_i1_kz4_ku4_kd7          primary        0.3083167
       1        cfg_i1_kz3_ku0_kd6          primary        0.3083179
       1        cfg_i1_kz3_ku4_kd5          primary        0.3083209
       1        cfg_i1_kz0_ku4_kd7          primary        0.3083227
       1        cfg_i1_kz3_ku3_kd5          primary        0.3083277
       1        cfg_i0_kz0_ku7_kd7          primary        0.3083361
       1        cfg_i1_kz0_ku0_kd0          primary        0.3083386
       1        cfg_i1_kz7_ku0_kd0          primary        0.3083387
       1        cfg_i0_kz7_ku0_kd0          primary        0.3083396
       1        cfg_i0_kz0_ku4_kd6          primary        0.3083401
       1        cfg_i1_kz0_ku7_kd7          primary        0.3083406
       1        cfg_i1_kz4_ku5_kd8          primary        0.3083448
       1        cfg_i0_kz8_ku0_kd0          primary        0.3083456
       1        cfg_i1_kz4_ku3_kd7          primary        0.3083459
       1        cfg_i1_kz0_ku4_kd6          primary        0.3083461
       1        cfg_i1_kz0_ku0_kd5          primary        0.3083469
       1        cfg_i1_kz8_ku0_kd0          primary        0.3083482
       1        cfg_i1_kz4_ku8_kd5          primary        0.3083493
       1        cfg_i0_kz0_ku3_kd7          primary        0.3083520
       1        cfg_i1_kz4_ku4_kd8          primary        0.3083521
       1        cfg_i1_kz0_ku0_kd4          primary        0.3083522
       1        cfg_i1_kz0_ku3_kd7          primary        0.3083568
       1        cfg_i1_kz4_ku3_kd6          primary        0.3083633
       1        cfg_i0_kz3_ku0_kd7          primary        0.3083652
       1        cfg_i1_kz4_ku3_kd8          primary        0.3083819
       1        cfg_i1_kz4_ku6_kd5          primary        0.3083833
       1        cfg_i0_kz4_ku8_kd6          primary        0.3083850
       1        cfg_i0_kz0_ku0_kd0          primary        0.3083880
       1                      m1_p          primary        0.3083880
       1        cfg_i0_kz3_ku0_kd6          primary        0.3083891
       1        cfg_i0_kz0_ku0_kd5          primary        0.3083907
       1        cfg_i0_kz4_ku0_kd8          primary        0.3083949
       1        cfg_i0_kz0_ku3_kd6          primary        0.3083977
       1        cfg_i1_kz0_ku3_kd6          primary        0.3084016
       1        cfg_i0_kz0_ku0_kd4          primary        0.3084177
       1        cfg_i0_kz3_ku4_kd4          primary        0.3084222
       1        cfg_i0_kz3_ku3_kd4          primary        0.3084253
       1        cfg_i0_kz4_ku8_kd7          primary        0.3084331
       1        cfg_i0_kz3_ku5_kd5          primary        0.3084369
       1        cfg_i1_kz0_ku0_kd8          primary        0.3084654
       1        cfg_i1_kz0_ku0_kd7          primary        0.3085001
       1        cfg_i0_kz0_ku0_kd8          primary        0.3085013
       1        cfg_i1_kz0_ku0_kd6          primary        0.3085093
       1        cfg_i0_kz4_ku7_kd5          primary        0.3085258
       1        cfg_i0_kz0_ku0_kd7          primary        0.3085445
       1        cfg_i1_kz3_ku5_kd8          primary        0.3085607
       1        cfg_i0_kz3_ku4_kd5          primary        0.3085805
       1        cfg_i0_kz4_ku8_kd8          primary        0.3085808
       1        cfg_i0_kz3_ku3_kd5          primary        0.3085917
       1        cfg_i0_kz4_ku7_kd6          primary        0.3086039
       1        cfg_i0_kz3_ku5_kd8          primary        0.3086051
       1        cfg_i1_kz3_ku5_kd7          primary        0.3086088
       1        cfg_i1_kz3_ku4_kd8          primary        0.3086195
       1        cfg_i0_kz0_ku0_kd6          primary        0.3086226
       1        cfg_i1_kz3_ku3_kd8          primary        0.3086344
       1        cfg_i1_kz3_ku5_kd6          primary        0.3086358
       1        cfg_i1_kz4_ku8_kd6          primary        0.3086407
       1        cfg_i0_kz3_ku5_kd7          primary        0.3086481
       1        cfg_i0_kz4_ku7_kd7          primary        0.3086780
       1        cfg_i1_kz3_ku4_kd7          primary        0.3086822
       1        cfg_i1_kz3_ku3_kd7          primary        0.3086894
       1        cfg_i1_kz3_ku4_kd6          primary        0.3087007
       1        cfg_i0_kz3_ku5_kd6          primary        0.3087096
       1        cfg_i1_kz3_ku3_kd6          primary        0.3087135
       1        cfg_i1_kz4_ku0_kd6          primary        0.3087282
       1        cfg_i0_kz3_ku4_kd8          primary        0.3087289
       1        cfg_i1_kz4_ku0_kd7          primary        0.3087322
       1        cfg_i0_kz3_ku3_kd8          primary        0.3087358
       1        cfg_i1_kz4_ku7_kd5          primary        0.3087613
       1        cfg_i1_kz4_ku0_kd8          primary        0.3087824
       1        cfg_i0_kz3_ku4_kd7          primary        0.3088174
       1        cfg_i0_kz3_ku3_kd7          primary        0.3088192
       1        cfg_i1_kz4_ku8_kd8          primary        0.3088581
       1        cfg_i0_kz4_ku7_kd8          primary        0.3088640
       1        cfg_i0_kz3_ku4_kd6          primary        0.3088703
       1        cfg_i0_kz3_ku3_kd6          primary        0.3088725
       1        cfg_i1_kz4_ku8_kd7          primary        0.3089043
       1        cfg_i1_kz4_ku6_kd7          primary        0.3089745
       1        cfg_i1_kz4_ku6_kd6          primary        0.3089786
       1        cfg_i1_kz4_ku6_kd8          primary        0.3090224
       1        cfg_i1_kz4_ku7_kd6          primary        0.3091418
       1        cfg_i1_kz4_ku7_kd7          primary        0.3094645
       1        cfg_i1_kz4_ku7_kd8          primary        0.3094878
       1                    raw_m2          primary        0.3097527
       1               complete_m2          primary        0.3108496
       1        cfg_i1_kz6_ku0_kd4          primary        0.3109164
       1        cfg_i0_kz0_ku6_kd0          primary        0.3111957
       1    previous_offset_smooth matched_previous        0.4093976
       1      previous_selected_m2 matched_previous        0.4093976
       1 previous_offset_intercept matched_previous        0.4096953
       2        cfg_i1_kz3_ku0_kd3          primary        0.2984075
       2        cfg_i1_kz7_ku0_kd3          primary        0.2989190
       2      best_observed_subset          primary        0.3187912
       2        cfg_i1_kz6_ku8_kd4          primary        0.3192876
       2        cfg_i1_kz8_ku7_kd6          primary        0.3198570
       2        cfg_i0_kz3_ku8_kd4          primary        0.3207064
       2        cfg_i1_kz3_ku8_kd4          primary        0.3207231
       2        cfg_i0_kz3_ku7_kd4          primary        0.3207510
       2        cfg_i1_kz3_ku7_kd4          primary        0.3207527
       2        cfg_i1_kz3_ku0_kd5          primary        0.3207838
       2        cfg_i0_kz3_ku8_kd5          primary        0.3208065
       2        cfg_i1_kz3_ku8_kd5          primary        0.3208104
       2        cfg_i0_kz3_ku0_kd3          primary        0.3208374
       2        cfg_i0_kz3_ku7_kd5          primary        0.3208674
       2        cfg_i0_kz3_ku0_kd5          primary        0.3208758
       2        cfg_i1_kz3_ku7_kd5          primary        0.3208810
       2        cfg_i1_kz3_ku8_kd6          primary        0.3208881
       2        cfg_i0_kz3_ku7_kd3          primary        0.3208884
       2        cfg_i1_kz3_ku7_kd3          primary        0.3208938
       2        cfg_i1_kz3_ku7_kd6          primary        0.3209051
       2        cfg_i1_kz3_ku8_kd3          primary        0.3209057
       2        cfg_i0_kz3_ku8_kd6          primary        0.3209101
       2        cfg_i0_kz3_ku8_kd3          primary        0.3209172
       2        cfg_i0_kz3_ku7_kd6          primary        0.3209189
       2        cfg_i0_kz5_ku0_kd4          primary        0.3209246
       2        cfg_i1_kz5_ku0_kd4          primary        0.3209304
       2        cfg_i0_kz6_ku0_kd4          primary        0.3209445
       2        cfg_i1_kz4_ku8_kd4          primary        0.3209452
       2        cfg_i0_kz3_ku6_kd4          primary        0.3209492
       2        cfg_i1_kz3_ku7_kd7          primary        0.3209535
       2        cfg_i0_kz3_ku7_kd7          primary        0.3209589
       2        cfg_i0_kz5_ku8_kd4          primary        0.3209627
       2        cfg_i1_kz3_ku6_kd4          primary        0.3209662
       2        cfg_i1_kz4_ku0_kd5          primary        0.3209685
       2        cfg_i0_kz3_ku8_kd7          primary        0.3209705
       2        cfg_i1_kz3_ku5_kd4          primary        0.3209716
       2        cfg_i1_kz3_ku8_kd7          primary        0.3209742
       2        cfg_i1_kz3_ku0_kd6          primary        0.3209767
       2        cfg_i1_kz5_ku8_kd4          primary        0.3209900
       2        cfg_i0_kz4_ku0_kd3          primary        0.3209910
       2        cfg_i1_kz3_ku7_kd8          primary        0.3209937
       2        cfg_i0_kz4_ku8_kd4          primary        0.3209960
       2        cfg_i1_kz3_ku8_kd8          primary        0.3209987
       2        cfg_i1_kz4_ku7_kd4          primary        0.3210038
       2        cfg_i0_kz3_ku7_kd8          primary        0.3210083
       2        cfg_i0_kz4_ku0_kd5          primary        0.3210091
       2        cfg_i1_kz4_ku0_kd3          primary        0.3210109
       2        cfg_i1_kz3_ku5_kd5          primary        0.3210120
       2        cfg_i0_kz6_ku8_kd4          primary        0.3210145
       2        cfg_i0_kz3_ku8_kd8          primary        0.3210194
       2        cfg_i0_kz6_ku0_kd5          primary        0.3210235
       2        cfg_i1_kz6_ku0_kd5          primary        0.3210275
       2        cfg_i1_kz5_ku0_kd3          primary        0.3210331
       2        cfg_i0_kz3_ku6_kd3          primary        0.3210349
       2        cfg_i0_kz5_ku0_kd5          primary        0.3210376
       2        cfg_i0_kz6_ku0_kd3          primary        0.3210377
       2        cfg_i1_kz6_ku0_kd3          primary        0.3210385
       2        cfg_i0_kz3_ku4_kd3          primary        0.3210456
       2        cfg_i1_kz5_ku0_kd5          primary        0.3210468
       2        cfg_i0_kz5_ku8_kd5          primary        0.3210486
       2        cfg_i0_kz3_ku5_kd3          primary        0.3210498
       2        cfg_i1_kz3_ku6_kd5          primary        0.3210506
       2        cfg_i0_kz5_ku0_kd3          primary        0.3210554
       2        cfg_i1_kz3_ku6_kd3          primary        0.3210559
       2        cfg_i1_kz3_ku0_kd7          primary        0.3210569
       2        cfg_i0_kz6_ku8_kd5          primary        0.3210631
       2        cfg_i1_kz6_ku0_kd6          primary        0.3210639
       2        cfg_i0_kz5_ku7_kd4          primary        0.3210645
       2        cfg_i0_kz6_ku0_kd6          primary        0.3210689
       2        cfg_i1_kz5_ku8_kd5          primary        0.3210746
       2        cfg_i0_kz4_ku7_kd3          primary        0.3210748
       2        cfg_i1_kz6_ku8_kd5          primary        0.3210763
       2        cfg_i1_kz5_ku0_kd6          primary        0.3210765
       2        cfg_i1_kz3_ku5_kd3          primary        0.3210765
       2        cfg_i0_kz4_ku8_kd3          primary        0.3210769
       2        cfg_i0_kz5_ku0_kd6          primary        0.3210829
       2        cfg_i1_kz3_ku6_kd6          primary        0.3210832
       2        cfg_i1_kz5_ku7_kd4          primary        0.3210841
       2        cfg_i0_kz5_ku8_kd6          primary        0.3210845
       2        cfg_i1_kz4_ku8_kd3          primary        0.3210889
       2        cfg_i1_kz6_ku8_kd0          primary        0.3210980
       2        cfg_i0_kz3_ku3_kd3          primary        0.3211048
       2        cfg_i0_kz4_ku7_kd4          primary        0.3211091
       2        cfg_i0_kz6_ku7_kd4          primary        0.3211097
       2        cfg_i1_kz3_ku3_kd5          primary        0.3211149
       2        cfg_i1_kz3_ku4_kd5          primary        0.3211161
       2        cfg_i1_kz6_ku7_kd4          primary        0.3211165
       2        cfg_i0_kz4_ku6_kd4          primary        0.3211207
       2        cfg_i1_kz5_ku8_kd6          primary        0.3211213
       2        cfg_i1_kz3_ku0_kd4          primary        0.3211228
       2        cfg_i1_kz3_ku0_kd8          primary        0.3211251
       2        cfg_i1_kz3_ku4_kd4          primary        0.3211294
       2        cfg_i0_kz4_ku5_kd4          primary        0.3211294
       2        cfg_i1_kz3_ku4_kd3          primary        0.3211317
       2        cfg_i0_kz6_ku8_kd6          primary        0.3211326
       2        cfg_i1_kz4_ku7_kd3          primary        0.3211333
       2        cfg_i1_kz5_ku8_kd3          primary        0.3211343
       2        cfg_i0_kz6_ku8_kd3          primary        0.3211433
       2        cfg_i1_kz3_ku3_kd3          primary        0.3211434
       2        cfg_i1_kz6_ku8_kd6          primary        0.3211435
       2        cfg_i1_kz3_ku6_kd7          primary        0.3211560
       2        cfg_i1_kz5_ku7_kd5          primary        0.3211570
       2        cfg_i0_kz3_ku6_kd5          primary        0.3211606
       2        cfg_i0_kz3_ku6_kd6          primary        0.3211629
       2        cfg_i1_kz6_ku8_kd3          primary        0.3211699
       2        cfg_i0_kz5_ku8_kd3          primary        0.3211701
       2        cfg_i0_kz6_ku0_kd7          primary        0.3211702
       2        cfg_i1_kz6_ku0_kd7          primary        0.3211706
       2        cfg_i0_kz6_ku7_kd5          primary        0.3211713
       2        cfg_i0_kz8_ku7_kd5          primary        0.3211736
       2        cfg_i0_kz5_ku7_kd3          primary        0.3211765
       2        cfg_i0_kz5_ku7_kd6          primary        0.3211769
       2        cfg_i0_kz5_ku0_kd7          primary        0.3211800
       2        cfg_i1_kz5_ku0_kd7          primary        0.3211833
       2        cfg_i1_kz5_ku7_kd3          primary        0.3211917
       2        cfg_i0_kz0_ku8_kd5          primary        0.3211928
       2        cfg_i0_kz6_ku3_kd4          primary        0.3211948
       2        cfg_i1_kz5_ku7_kd6          primary        0.3211957
       2        cfg_i1_kz7_ku0_kd4          primary        0.3211970
       2        cfg_i0_kz4_ku3_kd4          primary        0.3211987
       2        cfg_i0_kz6_ku7_kd3          primary        0.3211998
       2        cfg_i0_kz0_ku8_kd4          primary        0.3211999
       2        cfg_i1_kz4_ku5_kd4          primary        0.3212009
       2        cfg_i0_kz5_ku7_kd5          primary        0.3212015
       2        cfg_i0_kz7_ku0_kd4          primary        0.3212022
       2        cfg_i1_kz3_ku6_kd8          primary        0.3212065
       2        cfg_i0_kz0_ku8_kd6          primary        0.3212078
       2        cfg_i1_kz0_ku8_kd5          primary        0.3212082
       2        cfg_i0_kz6_ku4_kd4          primary        0.3212109
       2        cfg_i0_kz6_ku0_kd8          primary        0.3212112
       2        cfg_i1_kz6_ku0_kd8          primary        0.3212116
       2        cfg_i0_kz6_ku7_kd6          primary        0.3212133
       2        cfg_i0_kz4_ku5_kd3          primary        0.3212152
       2        cfg_i0_kz4_ku4_kd4          primary        0.3212155
       2        cfg_i1_kz4_ku6_kd4          primary        0.3212172
       2        cfg_i1_kz0_ku8_kd4          primary        0.3212187
       2        cfg_i1_kz3_ku3_kd4          primary        0.3212209
       2        cfg_i1_kz0_ku8_kd6          primary        0.3212209
       2        cfg_i0_kz5_ku0_kd8          primary        0.3212214
       2        cfg_i1_kz6_ku7_kd6          primary        0.3212217
       2        cfg_i0_kz3_ku0_kd6          primary        0.3212223
       2        cfg_i0_kz5_ku8_kd7          primary        0.3212228
       2        cfg_i0_kz6_ku5_kd4          primary        0.3212229
       2        cfg_i1_kz6_ku7_kd5          primary        0.3212238
       2        cfg_i0_kz4_ku6_kd3          primary        0.3212241
       2        cfg_i0_kz4_ku5_kd5          primary        0.3212246
       2        cfg_i1_kz5_ku0_kd8          primary        0.3212247
       2        cfg_i1_kz6_ku3_kd4          primary        0.3212250
       2             selected_grid          primary        0.3212270
       2        cfg_i0_kz0_ku7_kd4          primary        0.3212271
       2        cfg_i0_kz6_ku6_kd5          primary        0.3212298
       2        cfg_i1_kz5_ku8_kd7          primary        0.3212309
       2        cfg_i1_kz6_ku8_kd7          primary        0.3212319
       2        cfg_i0_kz6_ku6_kd4          primary        0.3212322
       2        cfg_i0_kz5_ku8_kd8          primary        0.3212324
       2        cfg_i1_kz6_ku6_kd5          primary        0.3212332
       2        cfg_i0_kz3_ku6_kd7          primary        0.3212349
       2        cfg_i1_kz6_ku4_kd4          primary        0.3212360
       2        cfg_i0_kz6_ku8_kd7          primary        0.3212366
       2        cfg_i1_kz6_ku7_kd3          primary        0.3212368
       2        cfg_i0_kz4_ku4_kd3          primary        0.3212391
       2        cfg_i1_kz5_ku3_kd4          primary        0.3212397
       2        cfg_i1_kz6_ku5_kd4          primary        0.3212412
       2        cfg_i0_kz7_ku0_kd3          primary        0.3212451
       2        cfg_i0_kz5_ku6_kd5          primary        0.3212478
       2        cfg_i0_kz5_ku3_kd4          primary        0.3212480
       2        cfg_i1_kz4_ku6_kd3          primary        0.3212487
       2        cfg_i0_kz5_ku6_kd4          primary        0.3212488
       2        cfg_i0_kz3_ku0_kd7          primary        0.3212490
       2        cfg_i1_kz0_ku7_kd4          primary        0.3212524
       2        cfg_i1_kz4_ku3_kd4          primary        0.3212528
       2        cfg_i1_kz6_ku6_kd4          primary        0.3212552
       2        cfg_i1_kz6_ku8_kd8          primary        0.3212563
       2        cfg_i0_kz4_ku3_kd5          primary        0.3212581
       2        cfg_i1_kz5_ku4_kd4          primary        0.3212588
       2        cfg_i0_kz5_ku4_kd4          primary        0.3212591
       2        cfg_i1_kz5_ku6_kd5          primary        0.3212613
       2        cfg_i0_kz4_ku3_kd3          primary        0.3212618
       2        cfg_i1_kz4_ku4_kd4          primary        0.3212651
       2        cfg_i0_kz6_ku8_kd8          primary        0.3212654
       2        cfg_i0_kz6_ku6_kd3          primary        0.3212674
       2        cfg_i1_kz4_ku5_kd5          primary        0.3212690
       2        cfg_i0_kz5_ku7_kd7          primary        0.3212693
       2        cfg_i0_kz5_ku5_kd4          primary        0.3212725
       2        cfg_i0_kz3_ku0_kd8          primary        0.3212730
       2        cfg_i1_kz5_ku5_kd4          primary        0.3212779
       2        cfg_i1_kz5_ku6_kd4          primary        0.3212789
       2        cfg_i0_kz3_ku6_kd8          primary        0.3212801
       2        cfg_i0_kz4_ku4_kd5          primary        0.3212808
       2        cfg_i1_kz5_ku7_kd7          primary        0.3212825
       2        cfg_i0_kz0_ku7_kd5          primary        0.3212826
       2        cfg_i0_kz6_ku5_kd5          primary        0.3212835
       2        cfg_i0_kz6_ku6_kd6          primary        0.3212842
       2        cfg_i0_kz5_ku6_kd3          primary        0.3212869
       2        cfg_i0_kz0_ku7_kd6          primary        0.3212884
       2        cfg_i1_kz6_ku7_kd7          primary        0.3212887
       2        cfg_i0_kz6_ku7_kd7          primary        0.3212910
       2        cfg_i1_kz6_ku6_kd6          primary        0.3212912
       2        cfg_i1_kz4_ku3_kd5          primary        0.3212917
       2        cfg_i1_kz6_ku6_kd3          primary        0.3212933
       2        cfg_i1_kz6_ku5_kd5          primary        0.3212945
       2        cfg_i1_kz0_ku7_kd5          primary        0.3212946
       2        cfg_i0_kz6_ku4_kd3          primary        0.3212951
       2        cfg_i0_kz6_ku5_kd3          primary        0.3212961
       2        cfg_i0_kz5_ku6_kd6          primary        0.3212969
       2        cfg_i1_kz0_ku7_kd6          primary        0.3212979
       2        cfg_i1_kz5_ku6_kd3          primary        0.3212984
       2        cfg_i1_kz7_ku0_kd5          primary        0.3213000
       2        cfg_i0_kz0_ku8_kd7          primary        0.3213033
       2        cfg_i1_kz6_ku5_kd3          primary        0.3213040
       2        cfg_i1_kz0_ku8_kd7          primary        0.3213051
       2        cfg_i0_kz7_ku0_kd5          primary        0.3213088
       2        cfg_i1_kz5_ku6_kd6          primary        0.3213095
       2        cfg_i0_kz4_ku0_kd6          primary        0.3213098
       2        cfg_i0_kz4_ku5_kd6          primary        0.3213109
       2        cfg_i1_kz6_ku3_kd3          primary        0.3213171
       2        cfg_i1_kz4_ku5_kd3          primary        0.3213177
       2        cfg_i1_kz6_ku4_kd3          primary        0.3213189
       2        cfg_i1_kz0_ku8_kd8          primary        0.3213205
       2        cfg_i1_kz4_ku4_kd5          primary        0.3213206
       2        cfg_i1_kz4_ku3_kd3          primary        0.3213209
       2        cfg_i0_kz5_ku5_kd3          primary        0.3213217
       2        cfg_i1_kz6_ku7_kd8          primary        0.3213224
       2        cfg_i1_kz7_ku0_kd6          primary        0.3213227
       2        cfg_i1_kz4_ku4_kd3          primary        0.3213231
       2        cfg_i1_kz3_ku5_kd6          primary        0.3213240
       2        cfg_i0_kz6_ku3_kd5          primary        0.3213268
       2        cfg_i1_kz5_ku8_kd8          primary        0.3213281
       2        cfg_i0_kz6_ku3_kd3          primary        0.3213311
       2        cfg_i0_kz0_ku8_kd8          primary        0.3213312
       2        cfg_i0_kz6_ku7_kd8          primary        0.3213323
       2        cfg_i0_kz5_ku5_kd5          primary        0.3213332
       2        cfg_i1_kz8_ku0_kd4          primary        0.3213337
       2        cfg_i0_kz4_ku3_kd6          primary        0.3213340
       2        cfg_i0_kz5_ku4_kd3          primary        0.3213341
       2        cfg_i1_kz3_ku5_kd7          primary        0.3213390
       2        cfg_i1_kz5_ku5_kd3          primary        0.3213403
       2        cfg_i0_kz6_ku5_kd6          primary        0.3213406
       2        cfg_i1_kz6_ku5_kd6          primary        0.3213425
       2        cfg_i0_kz6_ku4_kd5          primary        0.3213459
       2        cfg_i0_kz3_ku0_kd4          primary        0.3213494
       2        cfg_i1_kz5_ku3_kd3          primary        0.3213516
       2        cfg_i1_kz5_ku5_kd5          primary        0.3213519
       2        cfg_i0_kz7_ku0_kd6          primary        0.3213556
       2        cfg_i0_kz5_ku3_kd3          primary        0.3213562
       2        cfg_i1_kz6_ku3_kd5          primary        0.3213600
       2        cfg_i0_kz0_ku7_kd7          primary        0.3213611
       2        cfg_i1_kz5_ku4_kd3          primary        0.3213611
       2        cfg_i0_kz5_ku7_kd8          primary        0.3213611
       2        cfg_i1_kz0_ku7_kd7          primary        0.3213633
       2        cfg_i0_kz7_ku8_kd4          primary        0.3213650
       2        cfg_i1_kz7_ku8_kd4          primary        0.3213659
       2        cfg_i0_kz4_ku6_kd0          primary        0.3213664
       2        cfg_i1_kz5_ku7_kd8          primary        0.3213674
       2        cfg_i0_kz4_ku4_kd6          primary        0.3213677
       2        cfg_i0_kz8_ku0_kd4          primary        0.3213683
       2        cfg_i1_kz3_ku5_kd8          primary        0.3213687
       2        cfg_i0_kz5_ku3_kd5          primary        0.3213691
       2        cfg_i0_kz6_ku3_kd6          primary        0.3213735
       2        cfg_i1_kz6_ku4_kd5          primary        0.3213742
       2        cfg_i1_kz6_ku3_kd6          primary        0.3213757
       2        cfg_i1_kz0_ku8_kd3          primary        0.3213774
       2        cfg_i0_kz6_ku6_kd7          primary        0.3213836
       2        cfg_i1_kz4_ku8_kd6          primary        0.3213859
       2        cfg_i1_kz0_ku7_kd3          primary        0.3213897
       2        cfg_i0_kz7_ku7_kd4          primary        0.3213904
       2        cfg_i0_kz5_ku4_kd5          primary        0.3213918
       2        cfg_i1_kz6_ku6_kd7          primary        0.3213927
       2        cfg_i0_kz0_ku6_kd4          primary        0.3213930
       2        cfg_i0_kz8_ku0_kd3          primary        0.3213931
       2        cfg_i1_kz0_ku7_kd8          primary        0.3213934
       2        cfg_i0_kz6_ku4_kd6          primary        0.3213937
       2        cfg_i1_kz8_ku8_kd4          primary        0.3213937
       2        cfg_i1_kz6_ku4_kd6          primary        0.3213950
       2        cfg_i0_kz0_ku7_kd8          primary        0.3213967
       2        cfg_i1_kz5_ku3_kd5          primary        0.3214000
       2        cfg_i1_kz7_ku7_kd4          primary        0.3214013
       2        cfg_i1_kz5_ku5_kd6          primary        0.3214018
       2        cfg_i0_kz5_ku6_kd7          primary        0.3214020
       2        cfg_i0_kz5_ku5_kd6          primary        0.3214052
       2        cfg_i0_kz3_ku5_kd4          primary        0.3214056
       2        cfg_i0_kz7_ku8_kd5          primary        0.3214059
       2        cfg_i1_kz7_ku8_kd5          primary        0.3214095
       2        cfg_i1_kz5_ku6_kd7          primary        0.3214135
       2        cfg_i0_kz4_ku0_kd7          primary        0.3214175
       2        cfg_i0_kz0_ku4_kd4          primary        0.3214178
       2        cfg_i0_kz4_ku5_kd0          primary        0.3214199
       2        cfg_i0_kz7_ku7_kd5          primary        0.3214214
       2        cfg_i0_kz4_ku8_kd6          primary        0.3214244
       2        cfg_i1_kz8_ku0_kd5          primary        0.3214252
       2        cfg_i0_kz8_ku8_kd4          primary        0.3214276
       2        cfg_i1_kz5_ku4_kd5          primary        0.3214282
       2        cfg_i1_kz5_ku3_kd6          primary        0.3214289
       2        cfg_i1_kz4_ku5_kd6          primary        0.3214297
       2        cfg_i1_kz8_ku0_kd3          primary        0.3214319
       2        cfg_i0_kz6_ku6_kd8          primary        0.3214346
       2        cfg_i0_kz5_ku3_kd6          primary        0.3214362
       2        cfg_i0_kz4_ku7_kd0          primary        0.3214363
       2        cfg_i1_kz7_ku7_kd5          primary        0.3214374
       2        cfg_i1_kz4_ku6_kd0          primary        0.3214391
       2        cfg_i1_kz0_ku4_kd4          primary        0.3214403
       2        cfg_i0_kz0_ku6_kd5          primary        0.3214413
       2        cfg_i1_kz8_ku8_kd5          primary        0.3214419
       2        cfg_i1_kz6_ku6_kd8          primary        0.3214444
       2        cfg_i1_kz0_ku6_kd5          primary        0.3214455
       2        cfg_i0_kz4_ku4_kd0          primary        0.3214494
       2        cfg_i0_kz4_ku5_kd7          primary        0.3214499
       2        cfg_i0_kz5_ku6_kd8          primary        0.3214513
       2        cfg_i1_kz7_ku0_kd7          primary        0.3214535
       2        cfg_i1_kz5_ku4_kd6          primary        0.3214547
       2        cfg_i1_kz4_ku3_kd6          primary        0.3214550
       2        cfg_i0_kz4_ku8_kd0          primary        0.3214554
       2        cfg_i0_kz0_ku3_kd4          primary        0.3214569
       2        cfg_i0_kz5_ku4_kd6          primary        0.3214589
       2        cfg_i0_kz7_ku3_kd4          primary        0.3214598
       2        cfg_i1_kz0_ku6_kd4          primary        0.3214600
       2        cfg_i0_kz0_ku7_kd3          primary        0.3214601
       2        cfg_i1_kz5_ku6_kd8          primary        0.3214618
       2        cfg_i0_kz7_ku5_kd4          primary        0.3214628
       2        cfg_i0_kz0_ku5_kd4          primary        0.3214653
       2        cfg_i0_kz7_ku0_kd7          primary        0.3214658
       2        cfg_i1_kz0_ku6_kd3          primary        0.3214660
       2        cfg_i0_kz6_ku5_kd7          primary        0.3214673
       2        cfg_i1_kz0_ku6_kd6          primary        0.3214689
       2        cfg_i0_kz0_ku6_kd6          primary        0.3214695
       2        cfg_i1_kz3_ku3_kd0          primary        0.3214699
       2        cfg_i1_kz6_ku5_kd7          primary        0.3214709
       2        cfg_i0_kz8_ku8_kd5          primary        0.3214715
       2        cfg_i0_kz4_ku3_kd7          primary        0.3214725
       2        cfg_i1_kz8_ku7_kd4          primary        0.3214747
       2        cfg_i0_kz0_ku8_kd3          primary        0.3214756
       2        cfg_i1_kz8_ku0_kd6          primary        0.3214764
       2        cfg_i1_kz5_ku6_kd0          primary        0.3214769
       2        cfg_i0_kz8_ku0_kd5          primary        0.3214793
       2        cfg_i0_kz7_ku8_kd6          primary        0.3214805
       2        cfg_i1_kz7_ku8_kd6          primary        0.3214812
       2        cfg_i0_kz6_ku3_kd7          primary        0.3214815
       2        cfg_i0_kz0_ku5_kd5          primary        0.3214850
       2        cfg_i1_kz3_ku4_kd0          primary        0.3214886
       2        cfg_i1_kz0_ku3_kd4          primary        0.3214900
       2        cfg_i0_kz8_ku7_kd4          primary        0.3214918
       2        cfg_i0_kz7_ku7_kd3          primary        0.3214924
       2        cfg_i1_kz0_ku5_kd5          primary        0.3214924
       2        cfg_i0_kz7_ku8_kd3          primary        0.3214930
       2        cfg_i0_kz0_ku4_kd3          primary        0.3214950
       2        cfg_i1_kz7_ku0_kd8          primary        0.3214952
       2        cfg_i0_kz7_ku7_kd6          primary        0.3214953
       2        cfg_i0_kz0_ku6_kd3          primary        0.3214962
       2        cfg_i1_kz4_ku4_kd6          primary        0.3214980
       2        cfg_i0_kz7_ku4_kd4          primary        0.3214990
       2        cfg_i1_kz4_ku7_kd0          primary        0.3214998
       2        cfg_i0_kz6_ku4_kd7          primary        0.3215000
       2        cfg_i1_kz4_ku5_kd0          primary        0.3215005
       2        cfg_i0_kz0_ku4_kd6          primary        0.3215009
       2        cfg_i0_kz6_ku6_kd0          primary        0.3215015
       2        cfg_i0_kz8_ku0_kd6          primary        0.3215015
       2        cfg_i1_kz6_ku6_kd0          primary        0.3215016
       2        cfg_i1_kz7_ku5_kd4          primary        0.3215039
       2        cfg_i1_kz6_ku3_kd7          primary        0.3215040
       2        cfg_i0_kz5_ku6_kd0          primary        0.3215053
       2        cfg_i1_kz0_ku4_kd3          primary        0.3215059
       2        cfg_i0_kz4_ku0_kd4          primary        0.3215066
       2        cfg_i0_kz7_ku0_kd8          primary        0.3215074
       2        cfg_i1_kz3_ku5_kd0          primary        0.3215074
       2        cfg_i1_kz4_ku8_kd0          primary        0.3215090
       2        cfg_i0_kz4_ku4_kd7          primary        0.3215091
       2        cfg_i1_kz0_ku4_kd6          primary        0.3215096
       2        cfg_i1_kz8_ku8_kd6          primary        0.3215099
       2        cfg_i1_kz7_ku7_kd6          primary        0.3215119
       2        cfg_i0_kz4_ku3_kd0          primary        0.3215127
       2        cfg_i0_kz0_ku4_kd5          primary        0.3215128
       2        cfg_i1_kz0_ku5_kd4          primary        0.3215148
       2        cfg_i0_kz4_ku5_kd8          primary        0.3215164
       2        cfg_i1_kz8_ku7_kd5          primary        0.3215167
       2        cfg_i0_kz6_ku5_kd8          primary        0.3215188
       2        cfg_i1_kz7_ku3_kd4          primary        0.3215190
       2        cfg_i1_kz3_ku6_kd0          primary        0.3215197
       2        cfg_i1_kz4_ku4_kd0          primary        0.3215200
       2        cfg_i1_kz6_ku4_kd7          primary        0.3215208
       2        cfg_i0_kz5_ku5_kd7          primary        0.3215209
       2        cfg_i1_kz6_ku5_kd8          primary        0.3215213
       2        cfg_i0_kz7_ku5_kd5          primary        0.3215215
       2        cfg_i0_kz4_ku3_kd8          primary        0.3215217
       2        cfg_i1_kz4_ku3_kd7          primary        0.3215225
       2        cfg_i1_kz0_ku5_kd3          primary        0.3215245
       2        cfg_i1_kz5_ku5_kd7          primary        0.3215245
       2        cfg_i1_kz0_ku5_kd6          primary        0.3215265
       2        cfg_i1_kz4_ku5_kd7          primary        0.3215272
       2        cfg_i1_kz7_ku8_kd3          primary        0.3215303
       2        cfg_i0_kz0_ku6_kd7          primary        0.3215303
       2        cfg_i0_kz6_ku3_kd8          primary        0.3215307
       2        cfg_i1_kz0_ku4_kd5          primary        0.3215326
       2        cfg_i1_kz7_ku7_kd3          primary        0.3215344
       2        cfg_i1_kz0_ku6_kd7          primary        0.3215356
       2        cfg_i0_kz0_ku3_kd3          primary        0.3215366
       2        cfg_i1_kz5_ku3_kd7          primary        0.3215390
       2        cfg_i0_kz4_ku0_kd8          primary        0.3215393
       2        cfg_i1_kz5_ku8_kd0          primary        0.3215399
       2        cfg_i0_kz5_ku3_kd7          primary        0.3215408
       2        cfg_i0_kz8_ku8_kd6          primary        0.3215415
       2        cfg_i1_kz7_ku4_kd4          primary        0.3215426
       2        cfg_i0_kz5_ku7_kd0          primary        0.3215453
       2        cfg_i0_kz5_ku8_kd0          primary        0.3215457
       2        cfg_i0_kz6_ku4_kd8          primary        0.3215485
       2        cfg_i0_kz7_ku3_kd3          primary        0.3215496
       2        cfg_i1_kz0_ku3_kd3          primary        0.3215500
       2        cfg_i1_kz5_ku7_kd0          primary        0.3215507
       2        cfg_i0_kz0_ku5_kd3          primary        0.3215513
       2        cfg_i1_kz6_ku3_kd8          primary        0.3215522
       2        cfg_i1_kz8_ku8_kd3          primary        0.3215525
       2        cfg_i0_kz7_ku5_kd3          primary        0.3215536
       2        cfg_i0_kz0_ku5_kd6          primary        0.3215540
       2        cfg_i1_kz6_ku5_kd0          primary        0.3215552
       2        cfg_i1_kz5_ku5_kd0          primary        0.3215553
       2        cfg_i0_kz8_ku8_kd3          primary        0.3215554
       2        cfg_i1_kz4_ku4_kd7          primary        0.3215559
       2        cfg_i0_kz5_ku4_kd7          primary        0.3215578
       2        cfg_i0_kz4_ku4_kd8          primary        0.3215603
       2        cfg_i1_kz4_ku5_kd8          primary        0.3215604
       2        cfg_i0_kz7_ku8_kd7          primary        0.3215620
       2        cfg_i0_kz6_ku5_kd0          primary        0.3215624
       2        cfg_i1_kz5_ku4_kd7          primary        0.3215629
       2        cfg_i0_kz0_ku3_kd5          primary        0.3215633
       2        cfg_i0_kz7_ku3_kd5          primary        0.3215645
       2        cfg_i1_kz3_ku7_kd0          primary        0.3215649
       2        cfg_i0_kz7_ku7_kd7          primary        0.3215651
       2        cfg_i1_kz4_ku3_kd8          primary        0.3215652
       2        cfg_i1_kz7_ku8_kd7          primary        0.3215656
       2        cfg_i0_kz0_ku3_kd6          primary        0.3215659
       2        cfg_i1_kz8_ku5_kd4          primary        0.3215663
       2        cfg_i0_kz8_ku5_kd4          primary        0.3215674
       2        cfg_i1_kz6_ku4_kd8          primary        0.3215682
       2        cfg_i0_kz0_ku4_kd7          primary        0.3215690
       2        cfg_i1_kz5_ku5_kd8          primary        0.3215704
       2        cfg_i1_kz0_ku3_kd6          primary        0.3215711
       2        cfg_i0_kz5_ku5_kd8          primary        0.3215712
       2        cfg_i0_kz0_ku6_kd8          primary        0.3215725
       2        cfg_i0_kz5_ku5_kd0          primary        0.3215747
       2        cfg_i1_kz0_ku6_kd8          primary        0.3215763
       2        cfg_i0_kz8_ku7_kd3          primary        0.3215770
       2        cfg_i1_kz7_ku5_kd5          primary        0.3215793
       2        cfg_i1_kz5_ku4_kd0          primary        0.3215794
       2        cfg_i1_kz7_ku7_kd7          primary        0.3215795
       2        cfg_i1_kz5_ku3_kd8          primary        0.3215818
       2        cfg_i1_kz6_ku4_kd0          primary        0.3215836
       2        cfg_i1_kz0_ku4_kd7          primary        0.3215851
       2        cfg_i0_kz7_ku8_kd8          primary        0.3215855
       2        cfg_i1_kz8_ku0_kd7          primary        0.3215860
       2        cfg_i1_kz4_ku3_kd0          primary        0.3215866
       2        cfg_i1_kz8_ku8_kd7          primary        0.3215868
       2        cfg_i0_kz8_ku3_kd4          primary        0.3215872
       2        cfg_i0_kz5_ku3_kd8          primary        0.3215874
       2        cfg_i1_kz8_ku3_kd4          primary        0.3215897
       2        cfg_i0_kz3_ku6_kd0          primary        0.3215901
       2        cfg_i1_kz8_ku7_kd3          primary        0.3215910
       2        cfg_i1_kz8_ku7_kd0          primary        0.3215919
       2        cfg_i0_kz6_ku4_kd0          primary        0.3215944
       2        cfg_i0_kz7_ku4_kd5          primary        0.3215949
       2        cfg_i0_kz7_ku7_kd8          primary        0.3215959
       2        cfg_i0_kz7_ku4_kd3          primary        0.3215962
       2        cfg_i1_kz4_ku0_kd6          primary        0.3215964
       2        cfg_i0_kz8_ku7_kd6          primary        0.3215967
       2        cfg_i1_kz0_ku3_kd5          primary        0.3215969
       2        cfg_i1_kz7_ku8_kd8          primary        0.3215977
       2        cfg_i1_kz6_ku7_kd0          primary        0.3215994
       2        cfg_i0_kz7_ku5_kd6          primary        0.3215997
       2        cfg_i0_kz0_ku5_kd7          primary        0.3216003
       2        cfg_i1_kz4_ku4_kd8          primary        0.3216020
       2        cfg_i0_kz5_ku4_kd0          primary        0.3216021
       2        cfg_i0_kz8_ku5_kd3          primary        0.3216026
       2        cfg_i0_kz6_ku8_kd0          primary        0.3216029
       2        cfg_i1_kz0_ku5_kd7          primary        0.3216032
       2        cfg_i0_kz5_ku4_kd8          primary        0.3216034
       2        cfg_i1_kz7_ku5_kd3          primary        0.3216038
       2        cfg_i1_kz5_ku4_kd8          primary        0.3216044
       2        cfg_i0_kz8_ku8_kd7          primary        0.3216048
       2        cfg_i0_kz3_ku3_kd0          primary        0.3216067
       2        cfg_i0_kz6_ku7_kd0          primary        0.3216079
       2        cfg_i0_kz3_ku4_kd0          primary        0.3216091
       2        cfg_i0_kz0_ku4_kd8          primary        0.3216106
       2        cfg_i1_kz6_ku3_kd0          primary        0.3216136
       2        cfg_i0_kz3_ku5_kd0          primary        0.3216138
       2        cfg_i1_kz8_ku5_kd3          primary        0.3216164
       2        cfg_i1_kz8_ku0_kd8          primary        0.3216180
       2        cfg_i1_kz7_ku3_kd5          primary        0.3216193
       2        cfg_i0_kz6_ku3_kd0          primary        0.3216204
       2        cfg_i1_kz7_ku7_kd8          primary        0.3216208
       2        cfg_i0_kz7_ku6_kd4          primary        0.3216219
       2        cfg_i1_kz8_ku8_kd8          primary        0.3216226
       2        cfg_i0_kz8_ku0_kd7          primary        0.3216244
       2        cfg_i0_kz8_ku4_kd4          primary        0.3216252
       2        cfg_i0_kz4_ku8_kd5          primary        0.3216265
       2        cfg_i1_kz8_ku4_kd4          primary        0.3216272
       2        cfg_i0_kz7_ku6_kd3          primary        0.3216272
       2        cfg_i1_kz0_ku4_kd8          primary        0.3216273
       2        cfg_i0_kz7_ku6_kd5          primary        0.3216300
       2        cfg_i1_kz0_ku5_kd8          primary        0.3216300
       2        cfg_i0_kz7_ku3_kd6          primary        0.3216315
       2        cfg_i1_kz7_ku3_kd3          primary        0.3216333
       2        cfg_i0_kz0_ku3_kd7          primary        0.3216334
       2        cfg_i0_kz8_ku8_kd8          primary        0.3216338
       2        cfg_i1_kz5_ku3_kd0          primary        0.3216361
       2        cfg_i0_kz0_ku5_kd8          primary        0.3216365
       2        cfg_i1_kz8_ku5_kd5          primary        0.3216372
       2        cfg_i0_kz8_ku3_kd3          primary        0.3216378
       2        cfg_i0_kz8_ku5_kd5          primary        0.3216379
       2        cfg_i0_kz3_ku5_kd5          primary        0.3216392
       2        cfg_i0_kz4_ku8_kd7          primary        0.3216413
       2        cfg_i1_kz3_ku8_kd0          primary        0.3216420
       2        cfg_i1_kz0_ku3_kd7          primary        0.3216432
       2        cfg_i1_kz7_ku5_kd6          primary        0.3216461
       2        cfg_i1_kz7_ku4_kd5          primary        0.3216501
       2        cfg_i1_kz8_ku7_kd7          primary        0.3216504
       2        cfg_i1_kz7_ku6_kd4          primary        0.3216531
       2        cfg_i0_kz8_ku0_kd8          primary        0.3216565
       2        cfg_i1_kz7_ku4_kd3          primary        0.3216569
       2        cfg_i0_kz8_ku7_kd7          primary        0.3216578
       2        cfg_i0_kz5_ku3_kd0          primary        0.3216635
       2        cfg_i0_kz7_ku4_kd6          primary        0.3216707
       2        cfg_i1_kz7_ku6_kd5          primary        0.3216718
       2        cfg_i0_kz0_ku3_kd8          primary        0.3216750
       2        cfg_i1_kz0_ku3_kd8          primary        0.3216752
       2        cfg_i0_kz8_ku7_kd8          primary        0.3216842
       2        cfg_i1_kz7_ku3_kd6          primary        0.3216848
       2        cfg_i0_kz8_ku4_kd3          primary        0.3216890
       2        cfg_i1_kz8_ku3_kd3          primary        0.3216902
       2        cfg_i1_kz4_ku0_kd7          primary        0.3216933
       2        cfg_i1_kz8_ku7_kd8          primary        0.3216967
       2        cfg_i1_kz8_ku3_kd5          primary        0.3217002
       2        cfg_i0_kz8_ku3_kd5          primary        0.3217006
       2        cfg_i1_kz4_ku0_kd8          primary        0.3217040
       2        cfg_i1_kz7_ku6_kd3          primary        0.3217078
       2        cfg_i1_kz8_ku6_kd4          primary        0.3217101
       2        cfg_i1_kz8_ku5_kd6          primary        0.3217104
       2        cfg_i0_kz8_ku6_kd4          primary        0.3217106
       2        cfg_i1_kz8_ku4_kd3          primary        0.3217131
       2        cfg_i0_kz8_ku5_kd6          primary        0.3217134
       2        cfg_i0_kz7_ku6_kd6          primary        0.3217159
       2        cfg_i0_kz7_ku5_kd7          primary        0.3217197
       2        cfg_i1_kz7_ku4_kd6          primary        0.3217209
       2        cfg_i0_kz7_ku3_kd7          primary        0.3217231
       2        cfg_i0_kz8_ku6_kd3          primary        0.3217242
       2        cfg_i1_kz3_ku3_kd7          primary        0.3217254
       2        cfg_i0_kz4_ku8_kd8          primary        0.3217260
       2        cfg_i0_kz3_ku7_kd0          primary        0.3217268
       2        cfg_i1_kz8_ku4_kd5          primary        0.3217292
       2        cfg_i1_kz8_ku6_kd5          primary        0.3217304
       2        cfg_i0_kz8_ku6_kd5          primary        0.3217310
       2        cfg_i1_kz4_ku8_kd5          primary        0.3217319
       2        cfg_i0_kz8_ku4_kd5          primary        0.3217343
       2        cfg_i1_kz3_ku4_kd7          primary        0.3217430
       2        cfg_i1_kz7_ku6_kd6          primary        0.3217453
       2        cfg_i1_kz8_ku6_kd3          primary        0.3217455
       2        cfg_i0_kz3_ku8_kd0          primary        0.3217478
       2        cfg_i1_kz4_ku8_kd8          primary        0.3217546
       2        cfg_i1_kz8_ku3_kd6          primary        0.3217589
       2        cfg_i0_kz8_ku3_kd6          primary        0.3217608
       2        cfg_i0_kz7_ku4_kd7          primary        0.3217633
       2        cfg_i1_kz3_ku4_kd8          primary        0.3217746
       2        cfg_i1_kz3_ku3_kd8          primary        0.3217757
       2        cfg_i1_kz7_ku5_kd7          primary        0.3217790
       2        cfg_i0_kz7_ku3_kd8          primary        0.3217811
       2        cfg_i0_kz7_ku5_kd8          primary        0.3217839
       2        cfg_i1_kz7_ku3_kd7          primary        0.3217865
       2        cfg_i1_kz8_ku6_kd6          primary        0.3217967
       2        cfg_i1_kz7_ku4_kd7          primary        0.3217969
       2        cfg_i0_kz8_ku6_kd6          primary        0.3217972
       2        cfg_i1_kz8_ku4_kd6          primary        0.3218010
       2        cfg_i0_kz8_ku4_kd6          primary        0.3218033
       2        cfg_i1_kz3_ku3_kd6          primary        0.3218066
       2        cfg_i0_kz7_ku6_kd7          primary        0.3218155
       2        cfg_i1_kz7_ku5_kd8          primary        0.3218207
       2        cfg_i0_kz4_ku6_kd6          primary        0.3218209
       2        cfg_i0_kz7_ku4_kd8          primary        0.3218217
       2        cfg_i1_kz7_ku3_kd8          primary        0.3218286
       2        cfg_i0_kz8_ku5_kd7          primary        0.3218328
       2        cfg_i0_kz3_ku5_kd6          primary        0.3218342
       2        cfg_i1_kz8_ku5_kd7          primary        0.3218346
       2        cfg_i1_kz3_ku4_kd6          primary        0.3218366
       2        cfg_i1_kz7_ku6_kd7          primary        0.3218481
       2        cfg_i0_kz8_ku3_kd7          primary        0.3218533
       2        cfg_i1_kz8_ku3_kd7          primary        0.3218540
       2        cfg_i0_kz7_ku5_kd0          primary        0.3218614
       2        cfg_i1_kz7_ku4_kd8          primary        0.3218632
       2        cfg_i0_kz3_ku5_kd7          primary        0.3218646
       2        cfg_i0_kz7_ku6_kd0          primary        0.3218648
       2        cfg_i1_kz7_ku5_kd0          primary        0.3218712
       2        cfg_i0_kz8_ku5_kd8          primary        0.3218753
       2        cfg_i1_kz8_ku5_kd8          primary        0.3218753
       2        cfg_i0_kz7_ku6_kd8          primary        0.3218758
       2        cfg_i1_kz7_ku6_kd0          primary        0.3218770
       2        cfg_i1_kz4_ku0_kd4          primary        0.3218906
       2        cfg_i1_kz8_ku3_kd8          primary        0.3218966
       2        cfg_i0_kz8_ku3_kd8          primary        0.3218967
       2        cfg_i0_kz8_ku4_kd7          primary        0.3218977
       2        cfg_i1_kz8_ku4_kd7          primary        0.3219007
       2        cfg_i0_kz7_ku3_kd0          primary        0.3219016
       2        cfg_i0_kz8_ku6_kd7          primary        0.3219025
       2        cfg_i1_kz8_ku6_kd7          primary        0.3219026
       2        cfg_i1_kz4_ku8_kd7          primary        0.3219041
       2        cfg_i0_kz3_ku5_kd8          primary        0.3219055
       2        cfg_i1_kz7_ku6_kd8          primary        0.3219063
       2        cfg_i0_kz7_ku4_kd0          primary        0.3219068
       2        cfg_i0_kz7_ku7_kd0          primary        0.3219091
       2        cfg_i1_kz7_ku4_kd0          primary        0.3219148
       2        cfg_i1_kz7_ku7_kd0          primary        0.3219239
       2        cfg_i1_kz8_ku4_kd8          primary        0.3219382
       2        cfg_i0_kz8_ku4_kd8          primary        0.3219384
       2        cfg_i1_kz7_ku3_kd0          primary        0.3219420
       2        cfg_i0_kz4_ku6_kd5          primary        0.3219526
       2        cfg_i1_kz8_ku6_kd8          primary        0.3219563
       2        cfg_i0_kz8_ku6_kd8          primary        0.3219566
       2        cfg_i0_kz4_ku6_kd7          primary        0.3219587
       2        cfg_i0_kz7_ku8_kd0          primary        0.3219674
       2        cfg_i1_kz7_ku8_kd0          primary        0.3219694
       2        cfg_i0_kz8_ku6_kd0          primary        0.3219790
       2        cfg_i1_kz8_ku6_kd0          primary        0.3219890
       2        cfg_i0_kz4_ku6_kd8          primary        0.3219912
       2        cfg_i0_kz8_ku5_kd0          primary        0.3219926
       2        cfg_i1_kz8_ku5_kd0          primary        0.3219996
       2        cfg_i0_kz8_ku4_kd0          primary        0.3220364
       2        cfg_i0_kz8_ku3_kd0          primary        0.3220384
       2        cfg_i1_kz8_ku4_kd0          primary        0.3220420
       2        cfg_i0_kz8_ku7_kd0          primary        0.3220453
       2        cfg_i1_kz8_ku8_kd0          primary        0.3220511
       2        cfg_i0_kz8_ku8_kd0          primary        0.3220573
       2        cfg_i1_kz8_ku3_kd0          primary        0.3220584
       2        cfg_i0_kz3_ku0_kd0          primary        0.3221495
       2        cfg_i1_kz4_ku7_kd6          primary        0.3221919
       2        cfg_i1_kz3_ku0_kd0          primary        0.3222102
       2        cfg_i0_kz4_ku7_kd6          primary        0.3222132
       2        cfg_i0_kz0_ku0_kd5          primary        0.3222572
       2        cfg_i1_kz0_ku0_kd4          primary        0.3222692
       2        cfg_i0_kz0_ku0_kd3          primary        0.3222698
       2        cfg_i1_kz0_ku0_kd3          primary        0.3222702
       2        cfg_i1_kz0_ku0_kd6          primary        0.3222751
       2        cfg_i0_kz0_ku0_kd6          primary        0.3222804
       2        cfg_i0_kz0_ku0_kd4          primary        0.3223100
       2        cfg_i0_kz4_ku0_kd0          primary        0.3223176
       2        cfg_i0_kz0_ku0_kd7          primary        0.3223271
       2        cfg_i1_kz0_ku0_kd7          primary        0.3223449
       2        cfg_i0_kz4_ku7_kd7          primary        0.3223699
       2        cfg_i0_kz0_ku0_kd8          primary        0.3223799
       2        cfg_i1_kz0_ku0_kd8          primary        0.3223959
       2        cfg_i0_kz6_ku0_kd0          primary        0.3224364
       2        cfg_i1_kz6_ku0_kd0          primary        0.3224394
       2        cfg_i0_kz0_ku5_kd0          primary        0.3224453
       2        cfg_i1_kz5_ku0_kd0          primary        0.3224454
       2        cfg_i1_kz4_ku0_kd0          primary        0.3224492
       2        cfg_i1_kz0_ku0_kd5          primary        0.3224628
       2        cfg_i1_kz0_ku6_kd0          primary        0.3224736
       2        cfg_i0_kz5_ku0_kd0          primary        0.3224749
       2        cfg_i0_kz4_ku7_kd8          primary        0.3224800
       2        cfg_i1_kz0_ku5_kd0          primary        0.3224860
       2        cfg_i0_kz0_ku4_kd0          primary        0.3225224
       2        cfg_i0_kz0_ku7_kd0          primary        0.3225284
       2        cfg_i1_kz0_ku7_kd0          primary        0.3225513
       2        cfg_i1_kz0_ku4_kd0          primary        0.3225661
       2        cfg_i0_kz0_ku8_kd0          primary        0.3225829
       2        cfg_i1_kz0_ku8_kd0          primary        0.3226049
       2        cfg_i0_kz0_ku3_kd0          primary        0.3226291
       2        cfg_i1_kz0_ku3_kd0          primary        0.3226370
       2        cfg_i1_kz0_ku0_kd0          primary        0.3227436
       2        cfg_i0_kz7_ku0_kd0          primary        0.3227553
       2        cfg_i0_kz3_ku4_kd5          primary        0.3227593
       2        cfg_i1_kz7_ku0_kd0          primary        0.3227906
       2        cfg_i0_kz4_ku7_kd5          primary        0.3228062
       2        cfg_i0_kz8_ku0_kd0          primary        0.3228349
       2        cfg_i1_kz4_ku7_kd8          primary        0.3228419
       2        cfg_i0_kz0_ku0_kd0          primary        0.3228620
       2                      m1_p          primary        0.3228620
       2        cfg_i0_kz3_ku4_kd4          primary        0.3228783
       2        cfg_i1_kz8_ku0_kd0          primary        0.3229126
       2        cfg_i0_kz3_ku3_kd5          primary        0.3229259
       2        cfg_i0_kz3_ku4_kd8          primary        0.3231092
       2        cfg_i0_kz3_ku4_kd6          primary        0.3231251
       2        cfg_i0_kz3_ku3_kd6          primary        0.3231584
       2        cfg_i1_kz4_ku7_kd7          primary        0.3231611
       2        cfg_i0_kz3_ku4_kd7          primary        0.3231635
       2        cfg_i0_kz3_ku3_kd8          primary        0.3231985
       2        cfg_i0_kz3_ku3_kd7          primary        0.3232465
       2        cfg_i0_kz3_ku3_kd4          primary        0.3233773
       2        cfg_i1_kz4_ku6_kd8          primary        0.3234434
       2        cfg_i1_kz4_ku6_kd7          primary        0.3234556
       2        cfg_i1_kz4_ku6_kd5          primary        0.3235656
       2        cfg_i1_kz4_ku6_kd6          primary        0.3236173
       2        cfg_i1_kz4_ku7_kd5          primary        0.3236556
       2        cfg_i1_kz6_ku0_kd4          primary        0.3239730
       2               complete_m2          primary        0.3251128
       2        cfg_i0_kz0_ku6_kd0          primary        0.3257930
       2                    raw_m2          primary        0.3462523
       2    previous_offset_smooth matched_previous        0.4370964
       2      previous_selected_m2 matched_previous        0.4371522
       2 previous_offset_intercept matched_previous        0.4380078
 equal_season_mae total_rows total_trials  nll_delta_m1
       0.01926708        324      1471375 -2.051391e-02
       0.01956590        324      1471375 -2.042933e-02
       0.02040348        300      1541806 -2.418802e-03
       0.02090203        300      1541806 -2.172730e-03
       0.01959284        299      1554847 -1.540939e-03
       0.01997761        299      1554847 -1.390451e-03
       0.02076931        299      1554847 -1.342425e-03
       0.01755152        333      1603374 -1.247102e-03
       0.01992134        333      1603374 -5.450786e-04
       0.01991317        333      1603374 -5.247104e-04
       0.02001422        333      1603374 -5.160207e-04
       0.01990823        333      1603374 -5.140868e-04
       0.01996538        333      1603374 -5.104228e-04
       0.02001691        333      1603374 -5.087445e-04
       0.02003706        333      1603374 -5.081685e-04
       0.01993893        333      1603374 -5.050875e-04
       0.02000334        333      1603374 -4.968074e-04
       0.02007407        333      1603374 -4.966719e-04
       0.02011134        333      1603374 -4.939336e-04
       0.02013650        333      1603374 -4.861954e-04
       0.02025681        333      1603374 -4.842526e-04
       0.02011023        333      1603374 -4.796073e-04
       0.02007166        333      1603374 -4.782556e-04
       0.02008644        333      1603374 -4.779988e-04
       0.02011396        333      1603374 -4.617240e-04
       0.02011496        333      1603374 -4.599963e-04
       0.02025069        333      1603374 -4.586896e-04
       0.02034698        333      1603374 -4.558811e-04
       0.02007261        333      1603374 -4.544216e-04
       0.02009339        333      1603374 -4.543337e-04
       0.02015440        333      1603374 -4.531233e-04
       0.02016268        333      1603374 -4.527316e-04
       0.02043540        333      1603374 -4.516129e-04
       0.02012335        333      1603374 -4.508573e-04
       0.02038851        333      1603374 -4.504813e-04
       0.02009222        333      1603374 -4.491653e-04
       0.02012527        333      1603374 -4.478175e-04
       0.02047479        333      1603374 -4.467715e-04
       0.02049588        333      1603374 -4.461030e-04
       0.02036561        333      1603374 -4.446141e-04
       0.02030453        333      1603374 -4.435309e-04
       0.02020653        333      1603374 -4.434051e-04
       0.02021954        333      1603374 -4.423865e-04
       0.02034884        333      1603374 -4.422213e-04
       0.02027568        333      1603374 -4.405379e-04
       0.02018649        333      1603374 -4.399961e-04
       0.02044871        333      1603374 -4.377620e-04
       0.02021512        333      1603374 -4.377529e-04
       0.02025421        333      1603374 -4.376752e-04
       0.02050313        333      1603374 -4.375823e-04
       0.02024358        333      1603374 -4.373373e-04
       0.02047136        333      1603374 -4.368465e-04
       0.02046861        333      1603374 -4.364507e-04
       0.02010276        333      1603374 -4.354989e-04
       0.02046608        333      1603374 -4.354082e-04
       0.02028088        333      1603374 -4.335226e-04
       0.02018579        333      1603374 -4.304275e-04
       0.02036494        333      1603374 -4.289303e-04
       0.02014884        333      1603374 -4.281431e-04
       0.02034352        333      1603374 -4.264490e-04
       0.02036190        333      1603374 -4.255997e-04
       0.02029178        333      1603374 -4.239742e-04
       0.02048050        333      1603374 -4.212589e-04
       0.01988446        333      1603374 -4.202338e-04
       0.02071039        333      1603374 -4.196464e-04
       0.02048910        333      1603374 -4.189390e-04
       0.01980599        333      1603374 -4.186159e-04
       0.02066288        333      1603374 -4.175036e-04
       0.02076576        333      1603374 -4.173836e-04
       0.02064617        333      1603374 -4.160847e-04
       0.02077290        333      1603374 -4.152522e-04
       0.01981614        333      1603374 -4.149573e-04
       0.02037525        333      1603374 -4.146490e-04
       0.02064869        333      1603374 -4.134729e-04
       0.01984811        333      1603374 -4.119513e-04
       0.02047160        333      1603374 -4.117426e-04
       0.02044061        333      1603374 -4.113284e-04
       0.02049587        333      1603374 -4.106222e-04
       0.02074869        333      1603374 -4.098804e-04
       0.02048644        333      1603374 -4.084486e-04
       0.02074148        333      1603374 -4.073317e-04
       0.01991391        333      1603374 -4.061506e-04
       0.02042682        333      1603374 -4.054951e-04
       0.02029997        333      1603374 -4.017723e-04
       0.02028080        333      1603374 -3.995503e-04
       0.02052575        333      1603374 -3.974274e-04
       0.02031722        333      1603374 -3.971997e-04
       0.02057252        333      1603374 -3.945544e-04
       0.02059324        333      1603374 -3.938191e-04
       0.01995182        333      1603374 -3.931046e-04
       0.02052816        333      1603374 -3.925888e-04
       0.02051459        333      1603374 -3.919285e-04
       0.02040359        333      1603374 -3.908286e-04
       0.02061129        333      1603374 -3.903031e-04
       0.02060441        333      1603374 -3.899198e-04
       0.02062702        333      1603374 -3.893185e-04
       0.02054987        333      1603374 -3.885620e-04
       0.02056356        333      1603374 -3.883571e-04
       0.01988429        333      1603374 -3.871533e-04
       0.02079480        333      1603374 -3.866120e-04
       0.02056656        333      1603374 -3.859568e-04
       0.02047103        333      1603374 -3.848834e-04
       0.02003024        333      1603374 -3.842171e-04
       0.02046083        333      1603374 -3.834031e-04
       0.02044281        333      1603374 -3.833671e-04
       0.02069367        333      1603374 -3.829958e-04
       0.02040157        333      1603374 -3.829067e-04
       0.02046730        333      1603374 -3.823475e-04
       0.02056718        333      1603374 -3.817583e-04
       0.02064210        333      1603374 -3.811882e-04
       0.02048781        333      1603374 -3.810690e-04
       0.02000165        333      1603374 -3.807877e-04
       0.02062405        333      1603374 -3.807122e-04
       0.01989493        333      1603374 -3.803040e-04
       0.02054105        333      1603374 -3.802286e-04
       0.02054119        333      1603374 -3.798880e-04
       0.01992405        333      1603374 -3.797394e-04
       0.02080553        333      1603374 -3.784077e-04
       0.02064139        333      1603374 -3.782124e-04
       0.02073292        333      1603374 -3.776755e-04
       0.02066055        333      1603374 -3.770530e-04
       0.02050458        333      1603374 -3.767740e-04
       0.02044320        333      1603374 -3.753319e-04
       0.02060488        333      1603374 -3.752729e-04
       0.02047346        333      1603374 -3.744817e-04
       0.02054086        333      1603374 -3.744623e-04
       0.02052930        333      1603374 -3.742575e-04
       0.01983386        333      1603374 -3.731764e-04
       0.01988241        333      1603374 -3.730837e-04
       0.02063873        333      1603374 -3.722060e-04
       0.02029294        333      1603374 -3.720635e-04
       0.02068006        333      1603374 -3.719001e-04
       0.02036977        333      1603374 -3.713833e-04
       0.02052155        333      1603374 -3.707132e-04
       0.01991514        333      1603374 -3.705982e-04
       0.02032867        333      1603374 -3.701251e-04
       0.02052022        333      1603374 -3.697009e-04
       0.02063025        333      1603374 -3.684852e-04
       0.02057365        333      1603374 -3.682736e-04
       0.02053029        333      1603374 -3.678741e-04
       0.02030793        333      1603374 -3.677382e-04
       0.01991091        333      1603374 -3.676240e-04
       0.01989016        333      1603374 -3.671036e-04
       0.01987175        333      1603374 -3.669042e-04
       0.02086541        333      1603374 -3.662570e-04
       0.02058613        333      1603374 -3.661384e-04
       0.01990134        333      1603374 -3.643300e-04
       0.02056969        333      1603374 -3.643002e-04
       0.01985373        333      1603374 -3.640886e-04
       0.02087653        333      1603374 -3.634520e-04
       0.02002417        333      1603374 -3.621021e-04
       0.02060125        333      1603374 -3.616487e-04
       0.02026574        333      1603374 -3.615797e-04
       0.02039567        333      1603374 -3.605172e-04
       0.02060550        333      1603374 -3.601498e-04
       0.02000507        333      1603374 -3.597901e-04
       0.01995993        333      1603374 -3.589413e-04
       0.02066313        333      1603374 -3.589131e-04
       0.02068065        333      1603374 -3.580585e-04
       0.02063899        333      1603374 -3.579106e-04
       0.02003801        333      1603374 -3.566839e-04
       0.02077519        333      1603374 -3.561714e-04
       0.02067638        333      1603374 -3.560854e-04
       0.02036168        333      1603374 -3.557512e-04
       0.02038262        333      1603374 -3.549820e-04
       0.02004071        333      1603374 -3.549320e-04
       0.02047402        333      1603374 -3.533625e-04
       0.01998337        333      1603374 -3.520078e-04
       0.01998758        333      1603374 -3.510913e-04
       0.02060694        333      1603374 -3.507560e-04
       0.02080037        333      1603374 -3.505755e-04
       0.01994921        333      1603374 -3.494877e-04
       0.02083378        333      1603374 -3.492788e-04
       0.02043339        333      1603374 -3.492360e-04
       0.02001011        333      1603374 -3.491369e-04
       0.02060662        333      1603374 -3.491134e-04
       0.02053182        333      1603374 -3.485992e-04
       0.02086563        333      1603374 -3.461139e-04
       0.02054604        333      1603374 -3.457101e-04
       0.02049314        333      1603374 -3.456056e-04
       0.02048589        333      1603374 -3.455220e-04
       0.02064416        333      1603374 -3.450889e-04
       0.02066718        333      1603374 -3.448732e-04
       0.02068555        333      1603374 -3.445165e-04
       0.01988676        333      1603374 -3.434581e-04
       0.02057086        333      1603374 -3.426035e-04
       0.02079769        333      1603374 -3.424071e-04
       0.02064459        333      1603374 -3.421408e-04
       0.01998054        333      1603374 -3.411986e-04
       0.02070923        333      1603374 -3.411638e-04
       0.02077138        333      1603374 -3.403094e-04
       0.02058132        333      1603374 -3.392242e-04
       0.02061760        333      1603374 -3.377522e-04
       0.02062055        333      1603374 -3.373302e-04
       0.02059071        333      1603374 -3.357046e-04
       0.02063610        333      1603374 -3.355546e-04
       0.02059234        333      1603374 -3.341273e-04
       0.02012357        333      1603374 -3.333822e-04
       0.02063936        333      1603374 -3.327396e-04
       0.02082439        333      1603374 -3.325871e-04
       0.02059734        333      1603374 -3.323136e-04
       0.02046637        333      1603374 -3.322829e-04
       0.02070897        333      1603374 -3.321603e-04
       0.02058727        333      1603374 -3.320259e-04
       0.01987450        333      1603374 -3.307709e-04
       0.02009381        333      1603374 -3.307676e-04
       0.02081163        333      1603374 -3.301752e-04
       0.02098333        333      1603374 -3.301043e-04
       0.02069275        333      1603374 -3.294972e-04
       0.02078675        333      1603374 -3.289047e-04
       0.02054720        333      1603374 -3.289012e-04
       0.02097490        333      1603374 -3.284838e-04
       0.02078219        333      1603374 -3.267185e-04
       0.02089535        333      1603374 -3.266355e-04
       0.02056827        333      1603374 -3.255259e-04
       0.02090677        333      1603374 -3.238187e-04
       0.02079676        333      1603374 -3.236207e-04
       0.02061624        333      1603374 -3.235431e-04
       0.01998795        333      1603374 -3.224306e-04
       0.02062033        333      1603374 -3.214716e-04
       0.02052232        333      1603374 -3.212863e-04
       0.02086382        333      1603374 -3.212488e-04
       0.02091113        333      1603374 -3.201816e-04
       0.02003859        333      1603374 -3.199519e-04
       0.02047350        333      1603374 -3.185920e-04
       0.02070093        333      1603374 -3.160124e-04
       0.02009891        333      1603374 -3.150852e-04
       0.02084211        333      1603374 -3.149550e-04
       0.02005160        333      1603374 -3.148168e-04
       0.02092082        333      1603374 -3.145969e-04
       0.02068873        333      1603374 -3.145852e-04
       0.02009982        333      1603374 -3.145447e-04
       0.02063044        333      1603374 -3.141652e-04
       0.02069904        333      1603374 -3.139298e-04
       0.02065354        333      1603374 -3.137167e-04
       0.02093377        333      1603374 -3.136363e-04
       0.02048850        333      1603374 -3.134831e-04
       0.02080886        333      1603374 -3.124919e-04
       0.02037514        333      1603374 -3.123480e-04
       0.02057909        333      1603374 -3.122650e-04
       0.02011328        333      1603374 -3.121715e-04
       0.02074055        333      1603374 -3.120711e-04
       0.02004353        333      1603374 -3.115392e-04
       0.02051225        333      1603374 -3.114095e-04
       0.02075722        333      1603374 -3.107331e-04
       0.02066179        333      1603374 -3.106323e-04
       0.01999781        333      1603374 -3.099315e-04
       0.02006493        333      1603374 -3.094406e-04
       0.02058032        333      1603374 -3.093235e-04
       0.02063033        333      1603374 -3.085381e-04
       0.02038833        333      1603374 -3.078989e-04
       0.02036537        333      1603374 -3.076311e-04
       0.02007776        333      1603374 -3.065923e-04
       0.02042043        333      1603374 -3.064422e-04
       0.02066923        333      1603374 -3.063947e-04
       0.02094135        333      1603374 -3.061890e-04
       0.02116724        333      1603374 -3.060473e-04
       0.02004414        333      1603374 -3.058315e-04
       0.02085195        333      1603374 -3.054008e-04
       0.02011150        333      1603374 -3.050423e-04
       0.02068562        333      1603374 -3.047251e-04
       0.02069608        333      1603374 -3.042831e-04
       0.02074084        333      1603374 -3.037799e-04
       0.02082068        333      1603374 -3.035619e-04
       0.02065602        333      1603374 -3.034654e-04
       0.02065965        333      1603374 -3.033877e-04
       0.02011962        333      1603374 -3.030077e-04
       0.02072786        333      1603374 -3.019705e-04
       0.02008047        333      1603374 -3.011267e-04
       0.02068224        333      1603374 -3.008922e-04
       0.02100570        333      1603374 -3.007084e-04
       0.02099804        333      1603374 -3.006545e-04
       0.02103112        333      1603374 -3.002891e-04
       0.02004905        333      1603374 -3.001039e-04
       0.02099814        333      1603374 -2.985932e-04
       0.02117537        333      1603374 -2.983742e-04
       0.02015625        333      1603374 -2.981257e-04
       0.02078009        333      1603374 -2.980510e-04
       0.02076774        333      1603374 -2.975067e-04
       0.02107440        333      1603374 -2.972739e-04
       0.02105127        333      1603374 -2.970216e-04
       0.02078031        333      1603374 -2.964355e-04
       0.02090449        333      1603374 -2.960799e-04
       0.02102647        333      1603374 -2.959092e-04
       0.02087454        333      1603374 -2.952183e-04
       0.02077465        333      1603374 -2.951852e-04
       0.02097291        333      1603374 -2.950047e-04
       0.02068417        333      1603374 -2.949942e-04
       0.02077136        333      1603374 -2.947613e-04
       0.02084433        333      1603374 -2.947046e-04
       0.02067640        333      1603374 -2.941732e-04
       0.02059213        333      1603374 -2.939730e-04
       0.02066488        333      1603374 -2.936999e-04
       0.02064979        333      1603374 -2.934726e-04
       0.02077525        333      1603374 -2.933801e-04
       0.02077707        333      1603374 -2.933696e-04
       0.02037526        333      1603374 -2.932098e-04
       0.02063297        333      1603374 -2.928255e-04
       0.02076267        333      1603374 -2.926948e-04
       0.02079446        333      1603374 -2.921650e-04
       0.02055285        333      1603374 -2.918505e-04
       0.02104801        333      1603374 -2.917022e-04
       0.02107416        333      1603374 -2.916986e-04
       0.02066839        333      1603374 -2.916467e-04
       0.02085322        333      1603374 -2.916437e-04
       0.02098050        333      1603374 -2.914006e-04
       0.02083642        333      1603374 -2.912965e-04
       0.01999153        333      1603374 -2.912645e-04
       0.02086222        333      1603374 -2.901085e-04
       0.02103948        333      1603374 -2.900621e-04
       0.02078166        333      1603374 -2.896797e-04
       0.02075152        333      1603374 -2.892126e-04
       0.02070306        333      1603374 -2.892080e-04
       0.02025377        333      1603374 -2.887503e-04
       0.02011773        333      1603374 -2.884706e-04
       0.02075715        333      1603374 -2.884154e-04
       0.02026666        333      1603374 -2.876188e-04
       0.02027409        333      1603374 -2.874706e-04
       0.02010244        333      1603374 -2.863146e-04
       0.02000464        333      1603374 -2.850765e-04
       0.02027043        333      1603374 -2.845024e-04
       0.02094445        333      1603374 -2.842146e-04
       0.02009248        333      1603374 -2.833633e-04
       0.02052463        333      1603374 -2.829592e-04
       0.02100704        333      1603374 -2.827630e-04
       0.02095745        333      1603374 -2.809766e-04
       0.02120857        333      1603374 -2.801704e-04
       0.02075291        333      1603374 -2.787399e-04
       0.02091917        333      1603374 -2.785064e-04
       0.02074936        333      1603374 -2.780551e-04
       0.02093831        333      1603374 -2.768044e-04
       0.02025464        333      1603374 -2.763235e-04
       0.02096567        333      1603374 -2.754269e-04
       0.02041820        333      1603374 -2.751651e-04
       0.02108343        333      1603374 -2.734098e-04
       0.02121589        333      1603374 -2.731777e-04
       0.02118565        333      1603374 -2.731675e-04
       0.02102233        333      1603374 -2.727735e-04
       0.02080584        333      1603374 -2.723909e-04
       0.02024286        333      1603374 -2.723634e-04
       0.02090547        333      1603374 -2.723303e-04
       0.02102859        333      1603374 -2.721126e-04
       0.02019684        333      1603374 -2.720500e-04
       0.02119003        333      1603374 -2.711622e-04
       0.02007709        333      1603374 -2.706337e-04
       0.02112855        333      1603374 -2.701033e-04
       0.02110125        333      1603374 -2.700197e-04
       0.02030420        333      1603374 -2.699243e-04
       0.02108444        333      1603374 -2.697393e-04
       0.02042169        333      1603374 -2.695811e-04
       0.02079373        333      1603374 -2.690268e-04
       0.02073095        333      1603374 -2.685885e-04
       0.02026291        333      1603374 -2.682334e-04
       0.02024227        333      1603374 -2.680912e-04
       0.02080530        333      1603374 -2.677818e-04
       0.02082286        333      1603374 -2.674942e-04
       0.02045805        333      1603374 -2.672633e-04
       0.02078023        333      1603374 -2.668905e-04
       0.02030106        333      1603374 -2.665279e-04
       0.02030191        333      1603374 -2.663291e-04
       0.02079125        333      1603374 -2.659730e-04
       0.02113156        333      1603374 -2.657781e-04
       0.02029302        333      1603374 -2.657579e-04
       0.02037111        333      1603374 -2.653076e-04
       0.02110391        333      1603374 -2.653074e-04
       0.02014682        333      1603374 -2.651072e-04
       0.02081491        333      1603374 -2.646051e-04
       0.02106427        333      1603374 -2.645408e-04
       0.02029563        333      1603374 -2.643769e-04
       0.02009935        333      1603374 -2.643721e-04
       0.02018460        333      1603374 -2.629894e-04
       0.02087172        333      1603374 -2.621206e-04
       0.02070491        333      1603374 -2.609526e-04
       0.02091014        333      1603374 -2.607522e-04
       0.02040489        333      1603374 -2.602241e-04
       0.02021139        333      1603374 -2.594595e-04
       0.02074532        333      1603374 -2.593622e-04
       0.02106606        333      1603374 -2.591776e-04
       0.02075898        333      1603374 -2.589254e-04
       0.02034672        333      1603374 -2.587752e-04
       0.02111343        333      1603374 -2.586402e-04
       0.02089275        333      1603374 -2.584369e-04
       0.02020941        333      1603374 -2.580801e-04
       0.02100455        333      1603374 -2.571204e-04
       0.02106073        333      1603374 -2.568282e-04
       0.02108820        333      1603374 -2.566771e-04
       0.02090762        333      1603374 -2.556686e-04
       0.02068899        333      1603374 -2.551727e-04
       0.02088697        333      1603374 -2.550177e-04
       0.02111101        333      1603374 -2.542001e-04
       0.02109258        333      1603374 -2.528841e-04
       0.02010769        333      1603374 -2.527838e-04
       0.02024022        333      1603374 -2.521459e-04
       0.02122222        333      1603374 -2.516381e-04
       0.02089686        333      1603374 -2.514876e-04
       0.02014483        333      1603374 -2.512625e-04
       0.02022659        333      1603374 -2.512278e-04
       0.02130142        333      1603374 -2.511140e-04
       0.02083279        333      1603374 -2.508738e-04
       0.02037274        333      1603374 -2.501782e-04
       0.02037573        333      1603374 -2.499456e-04
       0.02060092        333      1603374 -2.499381e-04
       0.02018323        333      1603374 -2.498243e-04
       0.02040271        333      1603374 -2.496205e-04
       0.02084591        333      1603374 -2.495935e-04
       0.02018254        333      1603374 -2.487310e-04
       0.02092155        333      1603374 -2.480012e-04
       0.02040483        333      1603374 -2.475350e-04
       0.02017518        333      1603374 -2.468922e-04
       0.02015928        333      1603374 -2.468397e-04
       0.02090568        333      1603374 -2.468051e-04
       0.02130598        333      1603374 -2.467993e-04
       0.02099278        333      1603374 -2.455728e-04
       0.02111580        333      1603374 -2.451414e-04
       0.02123982        333      1603374 -2.445650e-04
       0.02089243        333      1603374 -2.438462e-04
       0.02016303        333      1603374 -2.435557e-04
       0.02084245        333      1603374 -2.422796e-04
       0.02071811        333      1603374 -2.411163e-04
       0.02030027        333      1603374 -2.409654e-04
       0.02111287        333      1603374 -2.404626e-04
       0.02071721        333      1603374 -2.401690e-04
       0.02012892        333      1603374 -2.386781e-04
       0.02096308        333      1603374 -2.376175e-04
       0.02024383        333      1603374 -2.374203e-04
       0.02035506        333      1603374 -2.371193e-04
       0.02087342        333      1603374 -2.363433e-04
       0.02005353        333      1603374 -2.345502e-04
       0.02116878        333      1603374 -2.343875e-04
       0.02076673        333      1603374 -2.340622e-04
       0.02116385        333      1603374 -2.338431e-04
       0.02038664        333      1603374 -2.333490e-04
       0.02113607        333      1603374 -2.325628e-04
       0.02012810        333      1603374 -2.324699e-04
       0.02133072        333      1603374 -2.324338e-04
       0.02022333        333      1603374 -2.323901e-04
       0.02014396        333      1603374 -2.312140e-04
       0.02133299        333      1603374 -2.309204e-04
       0.02113161        333      1603374 -2.308857e-04
       0.02022502        333      1603374 -2.297027e-04
       0.02006633        333      1603374 -2.285327e-04
       0.02095567        333      1603374 -2.283348e-04
       0.02097490        333      1603374 -2.280037e-04
       0.02121373        333      1603374 -2.276498e-04
       0.02092601        333      1603374 -2.274682e-04
       0.02017877        333      1603374 -2.273725e-04
       0.02119778        333      1603374 -2.273600e-04
       0.02075194        333      1603374 -2.271449e-04
       0.02117457        333      1603374 -2.267385e-04
       0.02090114        333      1603374 -2.265135e-04
       0.02084334        333      1603374 -2.258534e-04
       0.02088550        333      1603374 -2.239753e-04
       0.02108390        333      1603374 -2.235587e-04
       0.02115291        333      1603374 -2.234224e-04
       0.02090409        333      1603374 -2.221295e-04
       0.02074556        333      1603374 -2.214492e-04
       0.02089181        333      1603374 -2.198965e-04
       0.02091268        333      1603374 -2.177488e-04
       0.02119838        333      1603374 -2.162178e-04
       0.02071828        333      1603374 -2.146191e-04
       0.02029040        333      1603374 -2.142209e-04
       0.02111985        333      1603374 -2.138796e-04
       0.02014566        333      1603374 -2.132040e-04
       0.02096445        333      1603374 -2.130833e-04
       0.02091951        333      1603374 -2.125494e-04
       0.02064083        333      1603374 -2.122484e-04
       0.02122575        333      1603374 -2.120829e-04
       0.02024972        333      1603374 -2.103208e-04
       0.02134337        333      1603374 -2.102754e-04
       0.02134352        333      1603374 -2.100251e-04
       0.02030664        333      1603374 -2.094454e-04
       0.02122842        333      1603374 -2.082299e-04
       0.02092488        333      1603374 -2.070102e-04
       0.02015628        333      1603374 -2.061900e-04
       0.02095724        333      1603374 -2.059194e-04
       0.02123395        333      1603374 -2.017251e-04
       0.02096714        333      1603374 -2.013055e-04
       0.02125903        333      1603374 -2.000643e-04
       0.02092954        333      1603374 -1.995534e-04
       0.02072109        333      1603374 -1.984293e-04
       0.02063072        333      1603374 -1.970682e-04
       0.02098174        333      1603374 -1.969410e-04
       0.02126129        333      1603374 -1.953798e-04
       0.02030985        333      1603374 -1.953017e-04
       0.02072260        333      1603374 -1.945831e-04
       0.02092308        333      1603374 -1.923474e-04
       0.02097536        333      1603374 -1.919685e-04
       0.02118136        333      1603374 -1.913891e-04
       0.02117987        333      1603374 -1.910181e-04
       0.02094020        333      1603374 -1.899197e-04
       0.02137822        333      1603374 -1.882056e-04
       0.02137853        333      1603374 -1.881530e-04
       0.02036161        333      1603374 -1.881288e-04
       0.02064013        333      1603374 -1.879559e-04
       0.02103854        333      1603374 -1.877598e-04
       0.02101618        333      1603374 -1.867208e-04
       0.02091487        333      1603374 -1.857073e-04
       0.02091915        333      1603374 -1.849839e-04
       0.02124177        333      1603374 -1.845106e-04
       0.02106405        333      1603374 -1.843044e-04
       0.02090298        333      1603374 -1.828381e-04
       0.02124340        333      1603374 -1.826929e-04
       0.02124707        333      1603374 -1.823231e-04
       0.02123594        333      1603374 -1.811741e-04
       0.02091178        333      1603374 -1.810768e-04
       0.02091992        333      1603374 -1.808428e-04
       0.02019807        333      1603374 -1.805375e-04
       0.02123590        333      1603374 -1.798094e-04
       0.02038259        333      1603374 -1.793213e-04
       0.02123508        333      1603374 -1.792881e-04
       0.02092623        333      1603374 -1.789196e-04
       0.02123709        333      1603374 -1.786274e-04
       0.02126328        333      1603374 -1.771360e-04
       0.02020831        333      1603374 -1.758669e-04
       0.02126525        333      1603374 -1.743537e-04
       0.02102955        333      1603374 -1.740954e-04
       0.02080293        333      1603374 -1.705382e-04
       0.02129749        333      1603374 -1.692359e-04
       0.02085036        333      1603374 -1.665884e-04
       0.02129818        333      1603374 -1.651793e-04
       0.02124268        333      1603374 -1.629801e-04
       0.02124252        333      1603374 -1.629596e-04
       0.02078029        333      1603374 -1.596838e-04
       0.02129438        333      1603374 -1.585498e-04
       0.02130247        333      1603374 -1.561171e-04
       0.02119164        333      1603374 -1.541166e-04
       0.02129538        333      1603374 -1.534778e-04
       0.02129526        333      1603374 -1.533518e-04
       0.02030788        333      1603374 -1.486677e-04
       0.02109531        333      1603374 -1.479504e-04
       0.02100280        333      1603374 -1.479119e-04
       0.02095149        333      1603374 -1.461268e-04
       0.02083151        333      1603374 -1.451998e-04
       0.02100763        333      1603374 -1.446654e-04
       0.02105405        333      1603374 -1.437373e-04
       0.02109417        333      1603374 -1.434844e-04
       0.02083610        333      1603374 -1.431487e-04
       0.02103345        333      1603374 -1.427023e-04
       0.02095087        333      1603374 -1.426751e-04
       0.02105050        333      1603374 -1.419826e-04
       0.02031774        333      1603374 -1.418155e-04
       0.02086560        333      1603374 -1.409974e-04
       0.02090055        333      1603374 -1.376067e-04
       0.02108562        333      1603374 -1.353823e-04
       0.02119416        333      1603374 -1.343712e-04
       0.02118685        333      1603374 -1.329191e-04
       0.02105410        333      1603374 -1.325405e-04
       0.02119721        333      1603374 -1.310923e-04
       0.02041875        333      1603374 -1.308615e-04
       0.02124280        333      1603374 -1.282077e-04
       0.02054292        333      1603374 -1.280823e-04
       0.02106057        333      1603374 -1.249032e-04
       0.02055190        333      1603374 -1.232525e-04
       0.02063329        333      1603374 -1.229575e-04
       0.02121823        333      1603374 -1.206972e-04
       0.02054858        333      1603374 -1.205376e-04
       0.02125707        333      1603374 -1.188333e-04
       0.02091381        333      1603374 -1.179532e-04
       0.02055262        333      1603374 -1.175729e-04
       0.02050629        333      1603374 -1.170309e-04
       0.02119194        333      1603374 -1.167570e-04
       0.02089752        333      1603374 -1.167436e-04
       0.02127561        333      1603374 -1.162761e-04
       0.02105402        333      1603374 -1.157822e-04
       0.02127426        333      1603374 -1.156958e-04
       0.02129193        333      1603374 -1.143789e-04
       0.02024178        333      1603374 -1.135755e-04
       0.02092451        333      1603374 -1.130753e-04
       0.02057701        333      1603374 -1.099726e-04
       0.02073934        333      1603374 -1.092830e-04
       0.02055174        333      1603374 -1.089627e-04
       0.02051849        333      1603374 -1.080745e-04
       0.02078681        333      1603374 -1.078386e-04
       0.02025241        333      1603374 -1.068336e-04
       0.02095950        333      1603374 -1.050302e-04
       0.02057698        333      1603374 -1.049525e-04
       0.02057592        333      1603374 -1.033853e-04
       0.02056050        333      1603374 -1.027077e-04
       0.02124246        333      1603374 -1.026071e-04
       0.02036571        333      1603374 -1.020527e-04
       0.02094198        333      1603374 -9.913631e-05
       0.02108917        333      1603374 -9.837939e-05
       0.02092014        333      1603374 -9.784668e-05
       0.02073599        333      1603374 -9.772155e-05
       0.02091842        333      1603374 -9.644016e-05
       0.02046235        333      1603374 -9.588379e-05
       0.02121729        333      1603374 -9.576222e-05
       0.02092927        333      1603374 -9.401706e-05
       0.02108409        333      1603374 -9.308884e-05
       0.02092343        333      1603374 -9.040744e-05
       0.02083469        333      1603374 -8.996331e-05
       0.02092163        333      1603374 -8.952346e-05
       0.02083673        333      1603374 -8.317577e-05
       0.02125519        333      1603374 -8.191901e-05
       0.02075461        333      1603374 -7.964382e-05
       0.02071421        333      1603374 -7.904609e-05
       0.02091451        333      1603374 -7.834485e-05
       0.02115441        333      1603374 -7.691606e-05
       0.02074523        333      1603374 -7.636381e-05
       0.02053570        333      1603374 -7.481214e-05
       0.02079403        333      1603374 -7.440729e-05
       0.02040092        333      1603374 -7.427470e-05
       0.02065982        333      1603374 -7.425921e-05
       0.02066312        333      1603374 -7.197035e-05
       0.02115343        333      1603374 -7.135798e-05
       0.02066805        333      1603374 -7.010567e-05
       0.02068841        333      1603374 -6.714935e-05
       0.02054884        333      1603374 -6.527017e-05
       0.02070567        333      1603374 -6.026833e-05
       0.02042663        333      1603374 -5.195274e-05
       0.02106884        333      1603374 -4.937773e-05
       0.02120961        333      1603374 -4.931520e-05
       0.02120485        333      1603374 -4.845167e-05
       0.02038929        333      1603374 -4.786958e-05
       0.02043675        333      1603374 -4.738857e-05
       0.02122309        333      1603374 -4.322158e-05
       0.02129575        333      1603374 -4.237796e-05
       0.02116169        333      1603374 -4.215700e-05
       0.02039955        333      1603374 -4.190600e-05
       0.02111574        333      1603374 -4.115514e-05
       0.02130732        333      1603374 -3.982737e-05
       0.02082103        333      1603374 -3.868244e-05
       0.02065411        333      1603374 -3.598699e-05
       0.02121980        333      1603374 -3.586781e-05
       0.02109766        333      1603374 -3.577669e-05
       0.02066335        333      1603374 -3.125747e-05
       0.02092494        333      1603374 -2.467131e-05
       0.02079146        333      1603374 -2.286353e-05
       0.02123164        333      1603374 -6.101733e-06
       0.02106234        333      1603374 -4.752465e-06
       0.02084652        333      1603374 -3.007334e-06
       0.02161037        333      1603374  0.000000e+00
       0.02161037        333      1603374  0.000000e+00
       0.02067304        333      1603374  1.084917e-06
       0.02123013        333      1603374  2.729277e-06
       0.02099782        333      1603374  6.872976e-06
       0.02054463        333      1603374  9.659973e-06
       0.02055781        333      1603374  1.361462e-05
       0.02116433        333      1603374  2.968759e-05
       0.02072045        333      1603374  3.414843e-05
       0.02076109        333      1603374  3.731364e-05
       0.02108308        333      1603374  4.509250e-05
       0.02077167        333      1603374  4.887557e-05
       0.02143585        333      1603374  7.740112e-05
       0.02149502        333      1603374  1.121034e-04
       0.02150963        333      1603374  1.132892e-04
       0.02135323        333      1603374  1.212983e-04
       0.02105963        333      1603374  1.378164e-04
       0.02156813        333      1603374  1.565173e-04
       0.02108402        333      1603374  1.726647e-04
       0.02090919        333      1603374  1.924661e-04
       0.02122508        333      1603374  1.927552e-04
       0.02092257        333      1603374  2.037185e-04
       0.02115851        333      1603374  2.158997e-04
       0.02112628        333      1603374  2.170840e-04
       0.02108042        333      1603374  2.207507e-04
       0.02114529        333      1603374  2.314464e-04
       0.02152339        333      1603374  2.346065e-04
       0.02115915        333      1603374  2.463857e-04
       0.02093585        333      1603374  2.478020e-04
       0.02107118        333      1603374  2.526887e-04
       0.02112939        333      1603374  2.600673e-04
       0.02143313        333      1603374  2.900292e-04
       0.02114832        333      1603374  2.942143e-04
       0.02116091        333      1603374  3.014080e-04
       0.02099690        333      1603374  3.126333e-04
       0.02101334        333      1603374  3.215801e-04
       0.02101808        333      1603374  3.254985e-04
       0.02106416        333      1603374  3.402066e-04
       0.02124418        333      1603374  3.408499e-04
       0.02127876        333      1603374  3.441422e-04
       0.02126692        333      1603374  3.478175e-04
       0.02127048        333      1603374  3.733137e-04
       0.02134130        333      1603374  3.944222e-04
       0.02127680        333      1603374  4.294250e-04
       0.02130089        333      1603374  4.312288e-04
       0.02146460        333      1603374  4.700784e-04
       0.02158061        333      1603374  4.759926e-04
       0.02115332        333      1603374  4.822413e-04
       0.02117099        333      1603374  4.844575e-04
       0.02145169        333      1603374  5.163059e-04
       0.02176122        333      1603374  5.864533e-04
       0.02148387        333      1603374  5.905540e-04
       0.02180569        333      1603374  6.343558e-04
       0.02154452        333      1603374  7.537720e-04
       0.02195887        333      1603374  1.076486e-03
       0.02202028        333      1603374  1.099810e-03
       0.02210392        333      1603374  1.364694e-03
       0.02703614        333      1603374  2.461602e-03
       0.01987104        301      1553559  2.528362e-03
       0.02157171        301      1547022  2.807642e-03
       0.02837604        139       879387  1.010096e-01
       0.02837604        139       879387  1.010096e-01
       0.02900610        139       879387  1.013073e-01
       0.02856498        314      1430114 -2.445452e-02
       0.02929393        314      1430114 -2.394297e-02
       0.02568125        322      1552973 -4.070823e-03
       0.03168039        290      1492807 -3.574404e-03
       0.03250236        290      1492807 -3.004981e-03
       0.02945804        322      1552973 -2.155553e-03
       0.02954826        322      1552973 -2.138908e-03
       0.02965372        322      1552973 -2.111038e-03
       0.02970508        322      1552973 -2.109313e-03
       0.02979562        322      1552973 -2.078227e-03
       0.02969993        322      1552973 -2.055532e-03
       0.02975728        322      1552973 -2.051560e-03
       0.02925018        322      1552973 -2.024651e-03
       0.02990568        322      1552973 -1.994595e-03
       0.02980518        322      1552973 -1.986187e-03
       0.02996192        322      1552973 -1.980969e-03
       0.03004859        322      1552973 -1.973892e-03
       0.02989641        322      1552973 -1.973606e-03
       0.02977654        322      1552973 -1.968205e-03
       0.03015996        322      1552973 -1.956923e-03
       0.02980180        322      1552973 -1.956324e-03
       0.03003281        322      1552973 -1.951927e-03
       0.02993125        322      1552973 -1.944797e-03
       0.03016537        322      1552973 -1.943073e-03
       0.02972816        322      1552973 -1.937414e-03
       0.02973698        322      1552973 -1.931570e-03
       0.02970921        322      1552973 -1.917483e-03
       0.03062785        322      1552973 -1.916777e-03
       0.03011332        322      1552973 -1.912761e-03
       0.03033426        322      1552973 -1.908546e-03
       0.03031133        322      1552973 -1.903085e-03
       0.03060428        322      1552973 -1.899317e-03
       0.03006357        322      1552973 -1.895761e-03
       0.03015749        322      1552973 -1.893453e-03
       0.03020800        322      1552973 -1.891547e-03
       0.02986563        322      1552973 -1.890418e-03
       0.03023847        322      1552973 -1.887841e-03
       0.03013799        322      1552973 -1.885331e-03
       0.03063584        322      1552973 -1.871954e-03
       0.02953870        322      1552973 -1.871041e-03
       0.03043001        322      1552973 -1.868253e-03
       0.03060153        322      1552973 -1.865958e-03
       0.03034632        322      1552973 -1.863316e-03
       0.03059496        322      1552973 -1.858222e-03
       0.03036491        322      1552973 -1.853693e-03
       0.03015111        322      1552973 -1.852930e-03
       0.02954125        322      1552973 -1.851104e-03
       0.03009152        322      1552973 -1.850035e-03
       0.03059268        322      1552973 -1.847542e-03
       0.03028085        322      1552973 -1.842610e-03
       0.03005911        322      1552973 -1.838509e-03
       0.03010892        322      1552973 -1.834506e-03
       0.02952621        322      1552973 -1.828898e-03
       0.03031811        322      1552973 -1.827088e-03
       0.03006456        322      1552973 -1.824406e-03
       0.02961822        322      1552973 -1.824283e-03
       0.02948638        322      1552973 -1.823452e-03
       0.02967785        322      1552973 -1.816381e-03
       0.03012177        322      1552973 -1.815245e-03
       0.03075002        322      1552973 -1.813394e-03
       0.03011652        322      1552973 -1.812251e-03
       0.03038959        322      1552973 -1.811383e-03
       0.02961001        322      1552973 -1.806560e-03
       0.03022686        322      1552973 -1.806143e-03
       0.03041214        322      1552973 -1.805137e-03
       0.03073312        322      1552973 -1.798870e-03
       0.03035461        322      1552973 -1.798100e-03
       0.03062094        322      1552973 -1.797528e-03
       0.03032557        322      1552973 -1.793117e-03
       0.03079370        322      1552973 -1.787404e-03
       0.03055300        322      1552973 -1.787212e-03
       0.03076008        322      1552973 -1.785681e-03
       0.03036875        322      1552973 -1.785525e-03
       0.02993984        322      1552973 -1.785454e-03
       0.03056125        322      1552973 -1.785113e-03
       0.03033927        322      1552973 -1.779128e-03
       0.03053852        322      1552973 -1.778763e-03
       0.03067656        322      1552973 -1.777937e-03
       0.03086515        322      1552973 -1.777491e-03
       0.03070754        322      1552973 -1.773053e-03
       0.03077360        289      1505019 -1.764034e-03
       0.02963778        322      1552973 -1.757190e-03
       0.03065515        322      1552973 -1.752878e-03
       0.03067041        322      1552973 -1.752270e-03
       0.03002303        322      1552973 -1.747077e-03
       0.03000493        322      1552973 -1.745894e-03
       0.03068540        322      1552973 -1.745481e-03
       0.03075857        322      1552973 -1.741265e-03
       0.03093317        322      1552973 -1.740696e-03
       0.02982121        322      1552973 -1.739196e-03
       0.03056857        322      1552973 -1.736882e-03
       0.02975978        322      1552973 -1.732637e-03
       0.03046018        322      1552973 -1.732623e-03
       0.02960843        322      1552973 -1.730254e-03
       0.03090045        322      1552973 -1.729381e-03
       0.03066572        322      1552973 -1.728735e-03
       0.03072223        322      1552973 -1.727719e-03
       0.03071516        322      1552973 -1.718715e-03
       0.02951169        322      1552973 -1.718579e-03
       0.03092238        322      1552973 -1.718542e-03
       0.03077982        322      1552973 -1.705997e-03
       0.03090329        322      1552973 -1.705047e-03
       0.03047602        322      1552973 -1.701434e-03
       0.03062864        322      1552973 -1.699086e-03
       0.03071252        322      1552973 -1.692103e-03
       0.03076479        322      1552973 -1.691857e-03
       0.03065978        322      1552973 -1.691838e-03
       0.03068314        322      1552973 -1.691395e-03
       0.03088601        322      1552973 -1.690735e-03
       0.03175269        289      1505019 -1.688354e-03
       0.03074754        322      1552973 -1.685518e-03
       0.03098436        322      1552973 -1.685121e-03
       0.03066656        322      1552973 -1.681993e-03
       0.03070217        322      1552973 -1.678663e-03
       0.03077995        322      1552973 -1.670299e-03
       0.02995414        322      1552973 -1.669231e-03
       0.03002877        322      1552973 -1.667171e-03
       0.03103274        322      1552973 -1.666327e-03
       0.03011454        322      1552973 -1.664965e-03
       0.03008744        322      1552973 -1.663290e-03
       0.03080470        322      1552973 -1.662202e-03
       0.02998522        322      1552973 -1.662089e-03
       0.03053972        322      1552973 -1.661071e-03
       0.03090669        322      1552973 -1.660462e-03
       0.03006544        322      1552973 -1.659801e-03
       0.03092425        322      1552973 -1.655468e-03
       0.03005755        322      1552973 -1.654168e-03
       0.02998003        322      1552973 -1.653753e-03
       0.03010908        322      1552973 -1.651075e-03
       0.03076670        322      1552973 -1.650836e-03
       0.03079114        322      1552973 -1.650447e-03
       0.03101879        322      1552973 -1.648667e-03
       0.03056989        322      1552973 -1.646844e-03
       0.03018607        322      1552973 -1.646484e-03
       0.03078216        322      1552973 -1.644845e-03
       0.02998659        322      1552973 -1.643273e-03
       0.02984735        322      1552973 -1.641151e-03
       0.03008176        322      1552973 -1.641114e-03
       0.03077629        322      1552973 -1.640649e-03
       0.03103718        322      1552973 -1.640258e-03
       0.03037295        322      1552973 -1.639653e-03
       0.03113433        322      1552973 -1.639187e-03
       0.03055936        322      1552973 -1.639105e-03
       0.03093744        322      1552973 -1.638192e-03
       0.03091233        322      1552973 -1.637949e-03
       0.03068213        322      1552973 -1.637420e-03
       0.03081131        322      1552973 -1.637315e-03
       0.03005163        322      1552973 -1.637041e-03
       0.03090229        322      1552973 -1.634995e-03
       0.03000585        322      1552973 -1.634945e-03
       0.03099774        322      1552973 -1.632206e-03
       0.03114743        322      1552973 -1.631149e-03
       0.03111956        322      1552973 -1.630096e-03
       0.03082478        322      1552973 -1.629847e-03
       0.03120655        322      1552973 -1.629581e-03
       0.03100360        322      1552973 -1.628848e-03
       0.03086460        322      1552973 -1.627134e-03
       0.03012448        322      1552973 -1.626001e-03
       0.03110761        322      1552973 -1.625397e-03
       0.03079708        322      1552973 -1.625164e-03
       0.03011296        322      1552973 -1.622921e-03
       0.03008771        322      1552973 -1.622332e-03
       0.03057351        322      1552973 -1.620847e-03
       0.02989905        322      1552973 -1.616924e-03
       0.03101126        322      1552973 -1.614235e-03
       0.03010594        322      1552973 -1.613995e-03
       0.03086416        322      1552973 -1.613345e-03
       0.03081439        322      1552973 -1.613188e-03
       0.03054962        322      1552973 -1.612956e-03
       0.03001765        322      1552973 -1.609570e-03
       0.03017249        322      1552973 -1.609152e-03
       0.03082999        322      1552973 -1.606826e-03
       0.03118516        322      1552973 -1.605735e-03
       0.03049503        322      1552973 -1.603927e-03
       0.03016832        322      1552973 -1.603242e-03
       0.03018460        322      1552973 -1.602908e-03
       0.03100904        322      1552973 -1.600710e-03
       0.02989864        322      1552973 -1.600246e-03
       0.03025014        322      1552973 -1.596895e-03
       0.03118453        322      1552973 -1.596626e-03
       0.03102739        322      1552973 -1.594591e-03
       0.03071080        322      1552973 -1.592970e-03
       0.03122702        322      1552973 -1.592723e-03
       0.03057213        322      1552973 -1.589538e-03
       0.03070861        322      1552973 -1.589046e-03
       0.03055975        322      1552973 -1.584120e-03
       0.03080646        322      1552973 -1.583069e-03
       0.03101222        322      1552973 -1.581907e-03
       0.03052778        322      1552973 -1.581214e-03
       0.03127235        322      1552973 -1.579544e-03
       0.03013996        322      1552973 -1.579446e-03
       0.03070106        322      1552973 -1.578454e-03
       0.03114230        322      1552973 -1.577848e-03
       0.03091721        322      1552973 -1.575093e-03
       0.03023048        322      1552973 -1.573603e-03
       0.03124027        322      1552973 -1.573255e-03
       0.03123320        322      1552973 -1.571047e-03
       0.03115273        322      1552973 -1.570766e-03
       0.03053348        322      1552973 -1.570272e-03
       0.03097698        322      1552973 -1.568746e-03
       0.03071757        322      1552973 -1.567505e-03
       0.03015701        322      1552973 -1.567411e-03
       0.03018668        322      1552973 -1.566895e-03
       0.03072823        322      1552973 -1.565879e-03
       0.03113092        322      1552973 -1.565104e-03
       0.03024684        322      1552973 -1.564138e-03
       0.03092846        322      1552973 -1.563595e-03
       0.03050395        322      1552973 -1.562039e-03
       0.03026836        322      1552973 -1.558687e-03
       0.03064403        322      1552973 -1.558000e-03
       0.03027867        322      1552973 -1.556917e-03
       0.03043600        322      1552973 -1.553238e-03
       0.03114185        322      1552973 -1.552454e-03
       0.03055022        322      1552973 -1.552181e-03
       0.03085143        322      1552973 -1.551058e-03
       0.02994538        322      1552973 -1.544923e-03
       0.03063254        322      1552973 -1.544296e-03
       0.03010137        322      1552973 -1.543141e-03
       0.03036669        322      1552973 -1.541490e-03
       0.03058537        322      1552973 -1.541368e-03
       0.02999193        322      1552973 -1.541104e-03
       0.03063351        322      1552973 -1.540344e-03
       0.03135955        322      1552973 -1.539612e-03
       0.03070348        322      1552973 -1.539346e-03
       0.03015461        322      1552973 -1.538923e-03
       0.03054582        322      1552973 -1.537961e-03
       0.03049079        322      1552973 -1.535187e-03
       0.03135211        322      1552973 -1.533856e-03
       0.03001942        322      1552973 -1.530911e-03
       0.03032787        322      1552973 -1.530832e-03
       0.03131443        322      1552973 -1.529706e-03
       0.03074125        322      1552973 -1.528836e-03
       0.03012428        322      1552973 -1.528348e-03
       0.03073661        322      1552973 -1.527975e-03
       0.03011928        322      1552973 -1.527944e-03
       0.03073304        322      1552973 -1.523031e-03
       0.03066539        322      1552973 -1.521713e-03
       0.03095877        322      1552973 -1.521409e-03
       0.03096393        322      1552973 -1.519548e-03
       0.03052509        322      1552973 -1.516138e-03
       0.03000078        322      1552973 -1.512576e-03
       0.03000346        322      1552973 -1.510380e-03
       0.03073249        322      1552973 -1.510079e-03
       0.03068597        322      1552973 -1.506376e-03
       0.02994855        322      1552973 -1.505850e-03
       0.03053494        322      1552973 -1.501960e-03
       0.03042036        322      1552973 -1.500903e-03
       0.03016215        322      1552973 -1.500901e-03
       0.03137858        322      1552973 -1.500856e-03
       0.03042914        322      1552973 -1.498686e-03
       0.03093541        322      1552973 -1.497034e-03
       0.03097274        322      1552973 -1.496127e-03
       0.03036117        322      1552973 -1.495602e-03
       0.03144874        322      1552973 -1.494636e-03
       0.03077875        322      1552973 -1.494350e-03
       0.03012179        322      1552973 -1.493726e-03
       0.03086529        322      1552973 -1.493342e-03
       0.03055199        322      1552973 -1.492925e-03
       0.03084250        322      1552973 -1.488533e-03
       0.03056416        322      1552973 -1.487781e-03
       0.03085521        322      1552973 -1.486275e-03
       0.03016837        322      1552973 -1.484631e-03
       0.03143945        322      1552973 -1.478447e-03
       0.03123098        322      1552973 -1.476142e-03
       0.03017206        322      1552973 -1.472281e-03
       0.03100242        322      1552973 -1.471640e-03
       0.03058435        322      1552973 -1.470202e-03
       0.03145009        322      1552973 -1.469313e-03
       0.03053906        322      1552973 -1.468975e-03
       0.03004545        322      1552973 -1.468854e-03
       0.03051816        322      1552973 -1.468598e-03
       0.03087596        322      1552973 -1.468351e-03
       0.03113464        322      1552973 -1.468295e-03
       0.03088586        322      1552973 -1.467011e-03
       0.03047163        322      1552973 -1.465320e-03
       0.03053578        322      1552973 -1.461965e-03
       0.03103995        322      1552973 -1.460694e-03
       0.03099999        322      1552973 -1.460153e-03
       0.03145570        322      1552973 -1.460043e-03
       0.03100828        322      1552973 -1.456823e-03
       0.03032645        322      1552973 -1.456402e-03
       0.03104774        322      1552973 -1.456108e-03
       0.03107574        322      1552973 -1.452515e-03
       0.03146277        322      1552973 -1.448463e-03
       0.03094933        322      1552973 -1.444457e-03
       0.03004800        322      1552973 -1.444177e-03
       0.03024880        322      1552973 -1.442098e-03
       0.03115810        322      1552973 -1.440555e-03
       0.03119675        322      1552973 -1.437651e-03
       0.03044601        322      1552973 -1.436812e-03
       0.03111784        322      1552973 -1.434442e-03
       0.03057339        322      1552973 -1.433822e-03
       0.03090096        322      1552973 -1.433056e-03
       0.03101713        322      1552973 -1.432342e-03
       0.02996742        322      1552973 -1.430087e-03
       0.03156581        322      1552973 -1.427425e-03
       0.03090998        322      1552973 -1.425804e-03
       0.03037240        322      1552973 -1.425740e-03
       0.03119309        322      1552973 -1.424635e-03
       0.03042082        322      1552973 -1.422860e-03
       0.03009829        322      1552973 -1.421684e-03
       0.03074868        322      1552973 -1.420676e-03
       0.03121821        322      1552973 -1.420131e-03
       0.03157712        322      1552973 -1.417603e-03
       0.03073674        322      1552973 -1.416515e-03
       0.03013529        322      1552973 -1.412644e-03
       0.03127502        322      1552973 -1.412129e-03
       0.03157917        322      1552973 -1.410726e-03
       0.03106901        322      1552973 -1.408524e-03
       0.03093488        322      1552973 -1.407301e-03
       0.03093600        322      1552973 -1.407020e-03
       0.03030714        322      1552973 -1.406589e-03
       0.03013492        322      1552973 -1.405107e-03
       0.03094025        322      1552973 -1.403094e-03
       0.03031107        322      1552973 -1.402206e-03
       0.03053507        322      1552973 -1.402030e-03
       0.03052804        322      1552973 -1.401857e-03
       0.03158310        322      1552973 -1.400239e-03
       0.03084567        322      1552973 -1.399160e-03
       0.03045618        322      1552973 -1.396744e-03
       0.03102380        322      1552973 -1.396157e-03
       0.03059783        322      1552973 -1.396005e-03
       0.03137093        322      1552973 -1.394668e-03
       0.03082573        322      1552973 -1.393066e-03
       0.03083139        322      1552973 -1.392485e-03
       0.03040365        322      1552973 -1.392083e-03
       0.03136429        322      1552973 -1.391102e-03
       0.03120907        322      1552973 -1.390540e-03
       0.03119526        322      1552973 -1.389456e-03
       0.03120199        322      1552973 -1.387278e-03
       0.03053326        322      1552973 -1.386381e-03
       0.03068900        322      1552973 -1.385630e-03
       0.03039430        322      1552973 -1.385134e-03
       0.03042681        322      1552973 -1.382653e-03
       0.03122433        322      1552973 -1.381469e-03
       0.03125389        322      1552973 -1.380795e-03
       0.03124059        322      1552973 -1.380524e-03
       0.03063223        322      1552973 -1.377043e-03
       0.03047637        322      1552973 -1.373448e-03
       0.03018741        322      1552973 -1.371985e-03
       0.03119037        322      1552973 -1.370211e-03
       0.03112422        322      1552973 -1.369650e-03
       0.03062814        322      1552973 -1.369566e-03
       0.03108063        322      1552973 -1.369042e-03
       0.03011883        322      1552973 -1.366957e-03
       0.03117402        322      1552973 -1.366843e-03
       0.03132795        322      1552973 -1.366732e-03
       0.03071065        322      1552973 -1.365774e-03
       0.03098871        322      1552973 -1.364018e-03
       0.03042507        322      1552973 -1.362966e-03
       0.03046038        322      1552973 -1.362158e-03
       0.03128037        322      1552973 -1.361957e-03
       0.03038699        322      1552973 -1.361460e-03
       0.03047380        322      1552973 -1.361108e-03
       0.03055326        322      1552973 -1.360490e-03
       0.03067981        322      1552973 -1.360461e-03
       0.03056783        322      1552973 -1.360358e-03
       0.03091608        322      1552973 -1.358103e-03
       0.03125733        322      1552973 -1.357984e-03
       0.03041689        322      1552973 -1.356687e-03
       0.03015137        322      1552973 -1.356133e-03
       0.03024635        322      1552973 -1.355379e-03
       0.03112628        322      1552973 -1.354635e-03
       0.03058041        322      1552973 -1.354552e-03
       0.03040591        322      1552973 -1.353008e-03
       0.03125278        322      1552973 -1.352876e-03
       0.03050208        322      1552973 -1.352369e-03
       0.03138518        322      1552973 -1.352129e-03
       0.03136955        322      1552973 -1.350082e-03
       0.03026194        322      1552973 -1.349281e-03
       0.03030967        322      1552973 -1.349246e-03
       0.03046246        322      1552973 -1.347182e-03
       0.03139893        322      1552973 -1.345601e-03
       0.03135473        322      1552973 -1.345281e-03
       0.03150221        322      1552973 -1.343177e-03
       0.03044641        322      1552973 -1.342978e-03
       0.03073848        322      1552973 -1.342312e-03
       0.03025274        322      1552973 -1.342022e-03
       0.03129456        322      1552973 -1.341210e-03
       0.03139597        322      1552973 -1.341108e-03
       0.03149696        322      1552973 -1.340674e-03
       0.03098967        322      1552973 -1.340467e-03
       0.03131140        322      1552973 -1.340341e-03
       0.03125389        322      1552973 -1.339525e-03
       0.03049841        322      1552973 -1.337542e-03
       0.03137955        322      1552973 -1.337523e-03
       0.03076847        322      1552973 -1.335545e-03
       0.03136788        322      1552973 -1.334803e-03
       0.03114297        322      1552973 -1.331690e-03
       0.03103088        322      1552973 -1.331687e-03
       0.03136829        322      1552973 -1.331269e-03
       0.03035554        322      1552973 -1.329402e-03
       0.03118317        322      1552973 -1.327556e-03
       0.03102978        322      1552973 -1.326435e-03
       0.03013813        322      1552973 -1.325393e-03
       0.03127602        322      1552973 -1.323018e-03
       0.03113093        322      1552973 -1.322661e-03
       0.03054088        322      1552973 -1.322093e-03
       0.03129900        322      1552973 -1.321236e-03
       0.03137507        322      1552973 -1.320539e-03
       0.03051859        322      1552973 -1.319432e-03
       0.03047190        322      1552973 -1.316716e-03
       0.03041958        322      1552973 -1.316275e-03
       0.03140838        322      1552973 -1.313542e-03
       0.03036085        322      1552973 -1.312407e-03
       0.03017338        322      1552973 -1.312035e-03
       0.03058112        322      1552973 -1.311285e-03
       0.03056473        322      1552973 -1.310673e-03
       0.03138481        322      1552973 -1.309824e-03
       0.03133086        322      1552973 -1.309497e-03
       0.03101022        322      1552973 -1.308360e-03
       0.03080288        322      1552973 -1.308049e-03
       0.03048677        322      1552973 -1.306823e-03
       0.03039485        322      1552973 -1.306750e-03
       0.03132178        322      1552973 -1.306555e-03
       0.03130723        322      1552973 -1.306097e-03
       0.03133394        322      1552973 -1.304186e-03
       0.03137361        322      1552973 -1.301714e-03
       0.03147852        322      1552973 -1.301599e-03
       0.03144570        322      1552973 -1.300028e-03
       0.03046858        322      1552973 -1.299651e-03
       0.03131941        322      1552973 -1.299138e-03
       0.03035422        322      1552973 -1.298749e-03
       0.03076827        322      1552973 -1.297529e-03
       0.03086133        322      1552973 -1.297089e-03
       0.03152945        322      1552973 -1.296897e-03
       0.03135943        322      1552973 -1.296810e-03
       0.03147113        322      1552973 -1.296403e-03
       0.03053109        322      1552973 -1.296122e-03
       0.03090251        322      1552973 -1.295696e-03
       0.03090308        322      1552973 -1.294586e-03
       0.03142233        322      1552973 -1.293797e-03
       0.03070746        322      1552973 -1.293022e-03
       0.03149846        322      1552973 -1.291565e-03
       0.03054357        322      1552973 -1.290947e-03
       0.03151733        322      1552973 -1.290807e-03
       0.03114068        322      1552973 -1.289501e-03
       0.03040886        322      1552973 -1.287264e-03
       0.03113711        322      1552973 -1.285721e-03
       0.03133412        322      1552973 -1.285048e-03
       0.03108193        322      1552973 -1.282655e-03
       0.03025871        322      1552973 -1.282560e-03
       0.03156446        322      1552973 -1.282522e-03
       0.03138954        322      1552973 -1.280217e-03
       0.03035825        322      1552973 -1.278385e-03
       0.03073725        322      1552973 -1.276917e-03
       0.03152493        322      1552973 -1.276486e-03
       0.03102419        322      1552973 -1.275993e-03
       0.03039237        322      1552973 -1.275392e-03
       0.03158973        322      1552973 -1.275237e-03
       0.03047666        322      1552973 -1.274837e-03
       0.03141435        322      1552973 -1.274618e-03
       0.03047461        322      1552973 -1.272254e-03
       0.03077829        322      1552973 -1.271924e-03
       0.03135213        322      1552973 -1.271018e-03
       0.03118561        289      1505019 -1.270067e-03
       0.03034111        322      1552973 -1.267644e-03
       0.03082087        322      1552973 -1.267076e-03
       0.03159915        322      1552973 -1.266073e-03
       0.03048873        322      1552973 -1.265837e-03
       0.03085457        322      1552973 -1.265619e-03
       0.03150456        322      1552973 -1.265290e-03
       0.03041629        322      1552973 -1.265055e-03
       0.03159163        322      1552973 -1.264333e-03
       0.03079381        322      1552973 -1.262584e-03
       0.03125826        322      1552973 -1.262263e-03
       0.03102380        322      1552973 -1.261657e-03
       0.03142155        322      1552973 -1.260032e-03
       0.03028185        322      1552973 -1.259853e-03
       0.03101922        322      1552973 -1.259436e-03
       0.03073701        322      1552973 -1.259082e-03
       0.03102635        322      1552973 -1.258814e-03
       0.03144912        322      1552973 -1.258623e-03
       0.03100261        322      1552973 -1.258166e-03
       0.03143273        322      1552973 -1.257594e-03
       0.03158647        322      1552973 -1.257229e-03
       0.03041978        322      1552973 -1.255269e-03
       0.03078144        322      1552973 -1.254107e-03
       0.03054850        322      1552973 -1.252865e-03
       0.03081549        322      1552973 -1.251357e-03
       0.03042294        322      1552973 -1.248398e-03
       0.03066820        322      1552973 -1.248226e-03
       0.03099976        322      1552973 -1.245584e-03
       0.03108897        322      1552973 -1.243954e-03
       0.03088097        322      1552973 -1.242711e-03
       0.03041686        322      1552973 -1.241621e-03
       0.03163689        322      1552973 -1.241204e-03
       0.03131985        322      1552973 -1.240147e-03
       0.03167118        322      1552973 -1.239405e-03
       0.03101793        322      1552973 -1.237624e-03
       0.03052231        322      1552973 -1.236818e-03
       0.03126247        322      1552973 -1.235506e-03
       0.03052322        322      1552973 -1.234794e-03
       0.03143131        322      1552973 -1.234764e-03
       0.03084650        322      1552973 -1.234712e-03
       0.03145407        322      1552973 -1.232025e-03
       0.03110467        322      1552973 -1.231990e-03
       0.03113663        322      1552973 -1.230460e-03
       0.03044856        322      1552973 -1.228672e-03
       0.03078847        322      1552973 -1.228582e-03
       0.03166823        322      1552973 -1.228164e-03
       0.03043683        322      1552973 -1.225940e-03
       0.03111718        322      1552973 -1.225491e-03
       0.03105537        322      1552973 -1.224842e-03
       0.03052695        322      1552973 -1.224188e-03
       0.03105465        322      1552973 -1.224119e-03
       0.03063460        322      1552973 -1.222840e-03
       0.03152231        322      1552973 -1.220656e-03
       0.03097228        322      1552973 -1.219998e-03
       0.03080092        322      1552973 -1.218785e-03
       0.03132509        322      1552973 -1.215910e-03
       0.03093777        322      1552973 -1.211873e-03
       0.03170550        322      1552973 -1.211642e-03
       0.03136541        322      1552973 -1.208879e-03
       0.03108051        322      1552973 -1.205461e-03
       0.03052391        322      1552973 -1.205105e-03
       0.03170227        322      1552973 -1.204153e-03
       0.03047560        322      1552973 -1.198462e-03
       0.03118866        322      1552973 -1.191295e-03
       0.03150275        322      1552973 -1.190213e-03
       0.03090185        322      1552973 -1.187022e-03
       0.03090311        322      1552973 -1.186752e-03
       0.03176257        322      1552973 -1.177827e-03
       0.03122287        322      1552973 -1.177215e-03
       0.03060819        322      1552973 -1.173008e-03
       0.03045880        322      1552973 -1.171786e-03
       0.03122004        322      1552973 -1.168690e-03
       0.03180607        322      1552973 -1.165314e-03
       0.03083660        322      1552973 -1.161776e-03
       0.03083527        322      1552973 -1.161451e-03
       0.03129208        322      1552973 -1.157958e-03
       0.03148237        322      1552973 -1.154157e-03
       0.03137452        322      1552973 -1.151855e-03
       0.03133498        322      1552973 -1.151613e-03
       0.03137786        322      1552973 -1.151382e-03
       0.03055870        322      1552973 -1.148929e-03
       0.03133795        322      1552973 -1.148582e-03
       0.03165677        322      1552973 -1.146084e-03
       0.03165431        322      1552973 -1.142318e-03
       0.03128804        322      1552973 -1.141087e-03
       0.03149647        322      1552973 -1.138906e-03
       0.03148465        322      1552973 -1.137788e-03
       0.03100327        322      1552973 -1.136559e-03
       0.03166676        322      1552973 -1.136003e-03
       0.03097397        322      1552973 -1.135213e-03
       0.03089031        322      1552973 -1.132806e-03
       0.03153234        322      1552973 -1.131615e-03
       0.03153701        322      1552973 -1.130990e-03
       0.03137404        322      1552973 -1.130094e-03
       0.03088853        322      1552973 -1.127720e-03
       0.03100195        322      1552973 -1.118991e-03
       0.03168844        322      1552973 -1.116676e-03
       0.03149512        322      1552973 -1.116470e-03
       0.03096823        322      1552973 -1.114179e-03
       0.03171805        322      1552973 -1.107378e-03
       0.03120315        322      1552973 -1.103079e-03
       0.03120537        322      1552973 -1.101195e-03
       0.03155577        322      1552973 -1.098726e-03
       0.03115037        322      1552973 -1.087383e-03
       0.03115850        322      1552973 -1.086333e-03
       0.03174532        322      1552973 -1.082987e-03
       0.03163714        322      1552973 -1.080940e-03
       0.03180440        322      1552973 -1.078061e-03
       0.03160413        322      1552973 -1.075487e-03
       0.03166018        322      1552973 -1.065266e-03
       0.03165082        322      1552973 -1.065151e-03
       0.03166290        322      1552973 -1.064769e-03
       0.03125770        322      1552973 -1.061009e-03
       0.03126063        322      1552973 -1.058719e-03
       0.03083440        322      1552973 -1.055442e-03
       0.03193781        322      1552973 -1.046469e-03
       0.03187513        322      1552973 -1.041287e-03
       0.03155097        322      1552973 -1.041115e-03
       0.03169929        322      1552973 -1.040315e-03
       0.03172871        322      1552973 -1.033394e-03
       0.03172634        322      1552973 -1.029175e-03
       0.03100025        322      1552973 -1.027790e-03
       0.03172622        322      1552973 -1.027400e-03
       0.03085040        322      1552973 -1.025380e-03
       0.03197436        322      1552973 -1.013915e-03
       0.03153185        322      1552973 -1.008739e-03
       0.03153099        322      1552973 -1.007989e-03
       0.03110458        322      1552973 -1.000582e-03
       0.03178495        322      1552973 -9.987876e-04
       0.03118017        322      1552973 -9.974233e-04
       0.03123196        322      1552973 -9.972047e-04
       0.03113240        322      1552973 -9.908249e-04
       0.03181414        322      1552973 -9.866871e-04
       0.03181410        322      1552973 -9.866542e-04
       0.03208096        322      1552973 -9.862450e-04
       0.03126288        322      1552973 -9.850390e-04
       0.03054938        322      1552973 -9.714029e-04
       0.03161827        322      1552973 -9.653573e-04
       0.03161837        322      1552973 -9.653002e-04
       0.03160387        322      1552973 -9.643319e-04
       0.03160478        322      1552973 -9.613302e-04
       0.03103895        322      1552973 -9.604119e-04
       0.03194798        322      1552973 -9.594650e-04
       0.03194800        322      1552973 -9.594138e-04
       0.03177104        322      1552973 -9.578555e-04
       0.03131568        322      1552973 -9.564901e-04
       0.03212983        322      1552973 -9.556640e-04
       0.03100992        322      1552973 -9.552493e-04
       0.03131452        322      1552973 -9.528799e-04
       0.03103949        322      1552973 -9.471851e-04
       0.03135717        322      1552973 -9.381261e-04
       0.03168439        322      1552973 -9.238111e-04
       0.03168462        322      1552973 -9.235585e-04
       0.03111031        322      1552973 -9.199929e-04
       0.03164389        322      1552973 -9.093989e-04
       0.03206703        322      1552973 -9.057134e-04
       0.03206693        322      1552973 -9.054177e-04
       0.03194746        322      1552973 -9.033334e-04
       0.03126657        322      1552973 -8.945896e-04
       0.03129849        322      1552973 -8.925791e-04
       0.03118435        322      1552973 -8.830295e-04
       0.03120671        322      1552973 -8.729869e-04
       0.03206276        322      1552973 -8.707843e-04
       0.03107797        322      1552973 -8.693969e-04
       0.03109628        322      1552973 -8.623768e-04
       0.03104604        322      1552973 -8.256139e-04
       0.03120011        322      1552973 -8.235624e-04
       0.03106555        322      1552973 -8.199969e-04
       0.03121080        322      1552973 -8.167335e-04
       0.03117043        322      1552973 -8.108816e-04
       0.03114815        322      1552973 -8.047192e-04
       0.03120178        322      1552973 -8.035601e-04
       0.03218806        322      1552973 -7.124797e-04
       0.03181620        322      1552973 -6.700785e-04
       0.03278571        322      1552973 -6.517697e-04
       0.03176243        322      1552973 -6.488406e-04
       0.03262175        322      1552973 -6.048130e-04
       0.03234924        322      1552973 -5.928145e-04
       0.03255652        322      1552973 -5.921799e-04
       0.03231279        322      1552973 -5.918388e-04
       0.03293275        322      1552973 -5.868743e-04
       0.03289030        322      1552973 -5.815718e-04
       0.03248904        322      1552973 -5.519621e-04
       0.03298778        322      1552973 -5.444238e-04
       0.03314128        322      1552973 -5.349503e-04
       0.03315582        322      1552973 -5.170827e-04
       0.03202102        322      1552973 -4.920671e-04
       0.03324106        322      1552973 -4.821208e-04
       0.03324592        322      1552973 -4.660954e-04
       0.03306004        322      1552973 -4.255789e-04
       0.03306060        322      1552973 -4.226437e-04
       0.03345180        322      1552973 -4.166583e-04
       0.03310674        322      1552973 -4.165940e-04
       0.03313682        322      1552973 -4.128392e-04
       0.03268636        322      1552973 -3.992203e-04
       0.03355495        322      1552973 -3.883772e-04
       0.03316312        322      1552973 -3.871159e-04
       0.03216462        322      1552973 -3.820148e-04
       0.03345845        322      1552973 -3.760282e-04
       0.03340116        322      1552973 -3.395789e-04
       0.03377094        322      1552973 -3.335931e-04
       0.03378593        322      1552973 -3.106893e-04
       0.03335570        322      1552973 -2.959350e-04
       0.03385790        322      1552973 -2.791492e-04
       0.03386477        322      1552973 -2.571350e-04
       0.03341533        322      1552973 -2.328629e-04
       0.03343206        322      1552973 -2.250376e-04
       0.03371415        322      1552973 -1.184331e-04
       0.03345487        322      1552973 -1.067173e-04
       0.03114903        322      1552973 -1.026833e-04
       0.03350731        322      1552973 -7.144255e-05
       0.03196133        322      1552973 -5.577979e-05
       0.03344143        322      1552973 -2.713488e-05
       0.03247951        322      1552973 -2.009753e-05
       0.03422083        322      1552973  0.000000e+00
       0.03422083        322      1552973  0.000000e+00
       0.03095343        322      1552973  1.625742e-05
       0.03344973        322      1552973  5.055832e-05
       0.03125617        322      1552973  6.393958e-05
       0.03193677        322      1552973  2.471857e-04
       0.03159243        322      1552973  2.631141e-04
       0.03164851        322      1552973  2.964227e-04
       0.03246611        322      1552973  2.991391e-04
       0.03180461        322      1552973  3.015168e-04
       0.03204223        322      1552973  3.365417e-04
       0.03190007        322      1552973  3.845063e-04
       0.03121534        322      1552973  5.153172e-04
       0.03285473        322      1552973  5.814305e-04
       0.03277949        322      1552973  5.936066e-04
       0.03240659        322      1552973  7.035781e-04
       0.03252137        322      1552973  7.553327e-04
       0.03232299        322      1552973  7.935674e-04
       0.02928014        291      1504124  1.111040e-03
       0.03770534        322      1552973  2.250837e-03
       0.03478389        291      1497826  2.930969e-03
       0.03433772        322      1552973  2.339028e-02
       0.04651727        138       881458  1.142344e-01
       0.04667667        138       881458  1.142902e-01
       0.04816603        138       881458  1.151458e-01
Warning message:
In system("timedatectl", intern = TRUE) :
  running command 'timedatectl' had status 1
Weighted phase run complete: manuscript/results/publication-repair-20260910/m2-phase-weighted-expanded-01
